Ticker,published_utc,published_local,title,publisher,link,type
DBRG,2026-01-11 10:06:38+00:00,2026-01-11 05:06 ET,A Look At DigitalBridge Group (DBRG) Valuation As Long Term Returns And Data Center Growth Draw Interest,,,STORY
DBRG,2025-12-31 14:40:44+00:00,2025-12-31 09:40 ET,"DigitalBridge downgraded, Commvault initiated: Wall Street’s top analyst calls",,,STORY
DBRG,2025-12-31 14:36:47+00:00,2025-12-31 09:36 ET,"GlobalFoundries downgraded, TeraWulf upgraded: Wall Street's top analyst calls",,,STORY
DBRG,2025-12-31 12:50:25+00:00,2025-12-31 07:50 ET,SoftBank to acquire DigitalBridge for $4bn in AI infrastructure push,,,STORY
DBRG,2025-12-31 11:36:14+00:00,2025-12-31 06:36 ET,"SoftBank Completes $41 Billion OpenAI Investment, Expanding AI Bet",,,STORY
DBRG,2025-12-31 08:23:00+00:00,2025-12-31 03:23 ET,DigitalBridge lowered to Hold at Truist as SoftBank deal caps upside,,,STORY
DBRG,2025-12-31 03:30:08+00:00,2025-12-30 22:30 ET,DigitalBridge Smashes 52-Week High On SoftBank Takeover Buzz,,,STORY
DBRG,2025-12-30 16:26:09+00:00,2025-12-30 11:26 ET,SoftBank Is Spending $4 Billion on DigitalBridge. Is It Too Late to Buy DBRG Stock?,,,STORY
DBRG,2025-12-30 14:52:31+00:00,2025-12-30 09:52 ET,AI Boom Triggers Wave of Multibillion-Dollar Data Center Deals,,,STORY
DBRG,2025-12-30 14:37:11+00:00,2025-12-30 09:37 ET,DigitalBridge (DBRG) Soars 9.7% on $4-Billion SoftBank Merger,,,STORY
SATS,2026-01-12 04:39:59+00:00,2026-01-11 23:39 ET,1 Surging  Stock Worth Investigating and 2 We Brush Off,,,STORY
SATS,2026-01-11 06:04:39+00:00,2026-01-11 01:04 ET,Deutsche Bank Maintains a Buy Rating on EchoStar Corporation (SATS),,,STORY
SATS,2026-01-10 09:16:57+00:00,2026-01-10 04:16 ET,EchoStar (SATS) Valuation Check After Strong Multi Period Share Price Momentum,,,STORY
SATS,2026-01-09 03:36:58+00:00,2026-01-08 22:36 ET,Q3 Earnings Outperformers: EchoStar (NASDAQ:SATS) And The Rest Of The Traditional Media & Publishing Stocks,,,STORY
SATS,2026-01-08 16:36:04+00:00,2026-01-08 11:36 ET,Why EchoStar (SATS) Stock Is Up Today,,,STORY
SATS,2026-01-07 12:40:00+00:00,2026-01-07 07:40 ET,EchoStar (SATS) Surges 4.9%: Is This an Indication of Further Gains?,,,STORY
SATS,2026-01-04 21:12:39+00:00,2026-01-04 16:12 ET,EchoStar (SATS) Is Up 6.2% After Selling US$42.6 Billion In Spectrum And Pivoting To Investments,,,STORY
SATS,2026-01-02 08:27:55+00:00,2026-01-02 03:27 ET,From Brink to Boom: How EchoStar (SATS) Rocketed 375% From Near-Bankruptcy in 2025,,,STORY
SATS,2025-12-31 16:56:51+00:00,2025-12-31 11:56 ET,Citi Raises PT on EchoStar (SATS) stock,,,STORY
SATS,2025-12-31 16:25:06+00:00,2025-12-31 11:25 ET,Citi: SpaceX’s $800B Valuation Doubles EchoStar’s (SATS) Expected Equity Value Following Spectrum Deal,,,STORY
SLG,2026-01-12 17:55:17+00:00,2026-01-12 12:55 ET,SL Green Stock Slides While One Insider Trims Stake,,,STORY
SLG,2026-01-10 18:09:59+00:00,2026-01-10 13:09 ET,SL Green (SLG) Brings Rockpoint Into 100 Park Avenue JV Is Its Office Strategy Evolving?,,,STORY
SLG,2026-01-07 13:48:00+00:00,2026-01-07 08:48 ET,"SL Green Teams Up With Rockpoint for 100 Park Avenue, Sells 49% Stake",,,STORY
SLG,2026-01-01 20:38:38+00:00,2026-01-01 15:38 ET,$20 Million Exit From Manhattan’s Biggest Office Landlord Raises Questions as Stock Slides 30%,,,STORY
SLG,2026-01-01 06:00:00+00:00,2026-01-01 01:00 ET,"The Biggest Commercial Landlord in New York City Has a Cheap Stock, Too",,,STORY
SLG,2025-12-27 05:49:17+00:00,2025-12-27 00:49 ET,SL Green (SLG) Faces Dual Target Cuts as Office REIT Outlook Stays Neutral,,,STORY
SLG,2025-12-23 13:00:00+00:00,2025-12-23 08:00 ET,Do Options Traders Know Something About SLG Stock We Don't?,,,STORY
SLG,2025-12-23 05:16:14+00:00,2025-12-23 00:16 ET,Jim Cramer Says Eli Lilly’s GLP-1 Pill Is “Going to Revolutionize Everything”,,,STORY
SLG,2025-12-21 20:06:41+00:00,2025-12-21 15:06 ET,SL Green (SLG): Revisiting Valuation After This Year’s Sharp Share Price Slide,,,STORY
SLG,2025-12-21 11:10:31+00:00,2025-12-21 06:10 ET,Is SL Green Still Attractively Priced After Volatile Swings In Manhattan Office Market?,,,STORY
VSCO,2026-01-13 13:55:02+00:00,2026-01-13 08:55 ET,Victoria's Secret (VSCO) Shows Fast-paced Momentum But Is Still a Bargain Stock,,,STORY
VSCO,2026-01-13 12:59:00+00:00,2026-01-13 07:59 ET,Genesco Rallies on Holiday Sales Strength and Higher FY26 View,,,STORY
VSCO,2026-01-12 15:44:00+00:00,2026-01-12 10:44 ET,Here's Why You Should Add Stitch Fix Stock to Your Portfolio,,,STORY
VSCO,2026-01-12 15:25:00+00:00,2026-01-12 10:25 ET,Boot Barn's Q3 Results Highlight Strong Sales Leverage Across Channels,,,STORY
VSCO,2026-01-12 12:10:58+00:00,2026-01-12 07:10 ET,Assessing Victoria's Secret (VSCO) Valuation After Bullish Analyst Upgrades And Strong Recent Share Returns,,,STORY
VSCO,2026-01-09 04:34:06+00:00,2026-01-08 23:34 ET,3 Small-Cap Stocks We Find Risky,,,STORY
VSCO,2026-01-08 15:44:00+00:00,2026-01-08 10:44 ET,4 Retail Stocks Up More Than 10% in a Month and Still Worth Buying,,,STORY
VSCO,2026-01-08 14:40:02+00:00,2026-01-08 09:40 ET,Are Retail-Wholesale Stocks Lagging  Next (NXGPY) This Year?,,,STORY
VSCO,2026-01-07 17:21:00+00:00,2026-01-07 12:21 ET,Here's Why American Eagle Stock Looks Like a Buy Option Right Now,,,STORY
VSCO,2026-01-07 05:10:46+00:00,2026-01-07 00:10 ET,Why Victoria's Secret (VSCO) Is Up 6.6% After White House Tariff Hike Delay On Home Goods,,,STORY
