ticker,stage,reason
AAMI,filters,rvol 0.50 < 1.8
AAOI,filters,rvol 0.50 < 1.8
AAP,filters,rvol 0.50 < 1.8
AARD,filters,rvol 0.50 < 1.8
AAT,filters,rvol 0.50 < 1.8
ABAT,filters,rvol 0.50 < 1.8
ABCB,filters,rvol 1.07 < 1.8
ABEO,filters,rvol 1.07 < 1.8
ABG,filters,rvol 1.07 < 1.8
ABL,filters,rvol 1.07 < 1.8
ABM,filters,avg_vol_20d 561515 < 1000000
ABR,filters,avg_vol_20d 604970 < 1000000
ABSI,filters,avg_vol_20d 223008 < 1000000
ABTC,filters,avg_vol_20d 223008 < 1000000
ACCO,filters,price 7.72 < 8.0
ACDC,filters,price 3.98 < 8.0
ACEL,filters,rvol 0.53 < 1.8
ACHR,filters,price 3.98 < 8.0
ACIC,filters,adv20 33720428 < 75000000
ACIW,filters,adv20 33720428 < 75000000
ACLS,filters,adv20 33720428 < 75000000
ACLX,filters,adv20 33720428 < 75000000
ACMR,filters,rvol 0.82 < 1.8
ACNB,filters,price 6.77 < 8.0
ACNT,filters,price 6.77 < 8.0
ACR,filters,avg_vol_20d 856244 < 1000000
ACRE,filters,avg_vol_20d 646657 < 1000000
ACRS,filters,avg_vol_20d 646657 < 1000000
ACT,filters,avg_vol_20d 646657 < 1000000
ACTG,filters,avg_vol_20d 646657 < 1000000
ACTU,filters,rvol 1.25 < 1.8
ACU,filters,rvol 1.25 < 1.8
ACVA,filters,rvol 1.25 < 1.8
ADAM,filters,price 5.17 < 8.0
ADCT,filters,avg_vol_20d 35233 < 1000000
ADEA,filters,avg_vol_20d 27723 < 1000000
ADMA,filters,avg_vol_20d 346283 < 1000000
ADNT,filters,avg_vol_20d 346283 < 1000000
ADPT,filters,price 6.61 < 8.0
ADTN,filters,price 6.61 < 8.0
ADUS,filters,rvol 0.92 < 1.8
ADV,filters,avg_vol_20d 8914 < 1000000
AEBI,filters,price 3.99 < 8.0
AEHR,filters,rvol 0.74 < 1.8
AEIS,filters,rvol 0.74 < 1.8
AEO,filters,rvol 0.74 < 1.8
AESI,filters,rvol 1.06 < 1.8
AEVA,filters,rvol 1.06 < 1.8
AEYE,filters,adv20 11506269 < 75000000
AFCG,filters,adv20 11506269 < 75000000
AFRI,filters,avg_vol_20d 188498 < 1000000
AGIO,filters,avg_vol_20d 188498 < 1000000
AGL,filters,rvol 1.36 < 1.8
AGM,filters,rvol 0.94 < 1.8
AGX,filters,rvol 0.94 < 1.8
AGYS,filters,rvol 0.94 < 1.8
AHCO,filters,adv20 26097241 < 75000000
AHH,filters,adv20 41286637 < 75000000
AHL,filters,adv20 41286637 < 75000000
AHR,filters,rvol 0.95 < 1.8
AI,filters,price 2.21 < 8.0
AII,filters,rvol 0.95 < 1.8
AIN,filters,avg_vol_20d 917950 < 1000000
AIOT,filters,avg_vol_20d 13203 < 1000000
AIP,filters,price 0.36 < 8.0
AIR,filters,avg_vol_20d 461582 < 1000000
AIRJ,filters,avg_vol_20d 461582 < 1000000
AIRO,filters,avg_vol_20d 440623 < 1000000
AIRS,filters,avg_vol_20d 440623 < 1000000
AISP,filters,avg_vol_20d 191044 < 1000000
AIV,filters,avg_vol_20d 191044 < 1000000
AKBA,filters,avg_vol_20d 128195 < 1000000
AKR,filters,avg_vol_20d 128195 < 1000000
ALAB,filters,avg_vol_20d 128195 < 1000000
ALB,filters,avg_vol_20d 128195 < 1000000
ALCO,filters,rvol 0.60 < 1.8
ALDX,filters,avg_vol_20d 261241 < 1000000
ALEC,filters,avg_vol_20d 261241 < 1000000
ALEX,filters,avg_vol_20d 484816 < 1000000
ALG,filters,price 1.89 < 8.0
ALGT,filters,price 1.89 < 8.0
ALH,filters,price 1.89 < 8.0
ALHC,filters,price 1.89 < 8.0
ALIT,filters,avg_vol_20d 445066 < 1000000
ALKS,filters,avg_vol_20d 445066 < 1000000
ALKT,filters,avg_vol_20d 445066 < 1000000
ALLO,filters,price 1.21 < 8.0
ALMS,filters,price 1.21 < 8.0
ALMU,filters,price 1.21 < 8.0
ALNT,filters,price 1.21 < 8.0
ALRM,filters,price 1.21 < 8.0
ALRS,filters,price 1.21 < 8.0
ALT,filters,price 1.21 < 8.0
ALTG,filters,price 1.21 < 8.0
ALTI,filters,avg_vol_20d 725365 < 1000000
ALX,filters,avg_vol_20d 725365 < 1000000
AMAL,filters,avg_vol_20d 725365 < 1000000
AMBA,filters,avg_vol_20d 725365 < 1000000
AMBP,filters,avg_vol_20d 725365 < 1000000
AMBQ,filters,avg_vol_20d 725365 < 1000000
AMC,filters,price 5.82 < 8.0
AMCX,filters,avg_vol_20d 27232 < 1000000
AMD,filters,price 1.87 < 8.0
AMLX,filters,avg_vol_20d 97832 < 1000000
AMN,filters,avg_vol_20d 97832 < 1000000
AMPH,filters,rvol 0.82 < 1.8
AMPL,data,empty_or_short_history
AMPX,filters,price 1.30 < 8.0
AMR,filters,price 1.30 < 8.0
AMRC,filters,price 1.30 < 8.0
AMRX,filters,adv20 67509014 < 75000000
AMSC,filters,adv20 39849531 < 75000000
AMSF,filters,adv20 39849531 < 75000000
AMTB,filters,adv20 41673740 < 75000000
AMWD,filters,adv20 41673740 < 75000000
ANAB,filters,adv20 41673740 < 75000000
ANDE,filters,adv20 41673740 < 75000000
ANF,filters,adv20 41673740 < 75000000
ANGI,filters,avg_vol_20d 451258 < 1000000
ANGO,filters,adv20 62394417 < 75000000
ANIK,filters,adv20 62394417 < 75000000
ANIP,filters,adv20 62394417 < 75000000
ANNX,filters,avg_vol_20d 161027 < 1000000
AOMR,filters,avg_vol_20d 161027 < 1000000
AORT,filters,avg_vol_20d 153760 < 1000000
AOSL,filters,avg_vol_20d 153760 < 1000000
AOUT,filters,avg_vol_20d 153760 < 1000000
APAM,filters,rvol 0.69 < 1.8
APEI,filters,price 4.38 < 8.0
APGE,filters,price 4.38 < 8.0
APLD,filters,avg_vol_20d 871634 < 1000000
APLE,filters,avg_vol_20d 871634 < 1000000
APOG,filters,avg_vol_20d 871634 < 1000000
APPN,filters,avg_vol_20d 871634 < 1000000
APPS,filters,avg_vol_20d 871634 < 1000000
AQST,filters,rvol 1.78 < 1.8
ARAY,filters,rvol 1.78 < 1.8
ARCB,filters,avg_vol_20d 372262 < 1000000
ARCT,filters,avg_vol_20d 372262 < 1000000
ARDT,filters,avg_vol_20d 372262 < 1000000
ARDX,filters,price 4.86 < 8.0
AREN,filters,price 1.23 < 8.0
ARHS,filters,rvol 0.60 < 1.8
ARI,filters,rvol 0.60 < 1.8
ARKO,filters,rvol 0.60 < 1.8
ARL,filters,rvol 0.75 < 1.8
ARLO,filters,rvol 0.75 < 1.8
AROC,filters,adv20 24803072 < 75000000
AROW,filters,adv20 24803072 < 75000000
ARQ,filters,adv20 24803072 < 75000000
ARQT,filters,adv20 24803072 < 75000000
ARR,filters,avg_vol_20d 297904 < 1000000
ARRY,filters,avg_vol_20d 297904 < 1000000
ARVN,filters,avg_vol_20d 297904 < 1000000
ARWR,filters,avg_vol_20d 297904 < 1000000
ASAN,filters,price 6.34 < 8.0
ASB,filters,price 6.34 < 8.0
ASC,filters,price 6.34 < 8.0
ASGN,filters,price 7.55 < 8.0
ASIC,filters,price 7.55 < 8.0
ASIX,filters,price 7.55 < 8.0
ASLE,filters,price 7.55 < 8.0
ASO,filters,rvol 0.61 < 1.8
ASPI,filters,rvol 0.61 < 1.8
ASPN,filters,rvol 0.61 < 1.8
ASTE,filters,avg_vol_20d 796025 < 1000000
ASTH,filters,adv20 54373979 < 75000000
ASTI,filters,adv20 54373979 < 75000000
ASTS,filters,avg_vol_20d 560405 < 1000000
ASUR,filters,avg_vol_20d 796025 < 1000000
ATEC,filters,avg_vol_20d 796025 < 1000000
ATEN,filters,avg_vol_20d 796025 < 1000000
ATEX,filters,adv20 42592884 < 75000000
ATGE,filters,avg_vol_20d 301998 < 1000000
ATKR,filters,avg_vol_20d 301998 < 1000000
ATLC,filters,avg_vol_20d 301998 < 1000000
ATLO,filters,avg_vol_20d 301998 < 1000000
ATMU,filters,avg_vol_20d 167739 < 1000000
ATNI,filters,avg_vol_20d 167739 < 1000000
ATOM,filters,avg_vol_20d 289576 < 1000000
ATRC,filters,avg_vol_20d 289576 < 1000000
ATRO,filters,avg_vol_20d 289576 < 1000000
ATXS,filters,avg_vol_20d 289576 < 1000000
ATYR,filters,avg_vol_20d 289576 < 1000000
AUB,filters,avg_vol_20d 289576 < 1000000
AUPH,setup,did_not_meet_breakout_or_reversal
AURA,setup,did_not_meet_breakout_or_reversal
AVA,filters,rvol 0.69 < 1.8
AVAH,filters,rvol 0.69 < 1.8
AVAV,filters,rvol 0.69 < 1.8
AVBH,filters,rvol 1.09 < 1.8
AVBP,filters,rvol 1.09 < 1.8
AVD,filters,rvol 1.09 < 1.8
AVDL,filters,rvol 1.09 < 1.8
AVGO,filters,adv20 13507245 < 75000000
AVIR,filters,avg_vol_20d 445843 < 1000000
AVNS,filters,avg_vol_20d 445843 < 1000000
AVNT,filters,price 4.89 < 8.0
AVNW,filters,avg_vol_20d 68077 < 1000000
AVO,filters,rvol 1.05 < 1.8
AVPT,filters,avg_vol_20d 68077 < 1000000
AVR,filters,rvol 1.05 < 1.8
AVXL,filters,avg_vol_20d 68077 < 1000000
AWR,filters,atr_pct 2.82 < 3.5
AX,filters,atr_pct 2.82 < 3.5
AXGN,filters,rvol 0.82 < 1.8
AXL,filters,atr_pct 2.82 < 3.5
AXSM,filters,avg_vol_20d 224204 < 1000000
AZTA,filters,avg_vol_20d 224204 < 1000000
AZZ,filters,rvol 0.71 < 1.8
BABA,filters,rvol 0.71 < 1.8
BALY,filters,avg_vol_20d 62417 < 1000000
BANC,filters,rvol 0.73 < 1.8
BAND,filters,rvol 0.73 < 1.8
BANF,filters,avg_vol_20d 62417 < 1000000
BANR,filters,avg_vol_20d 609676 < 1000000
BARK,filters,rvol 1.08 < 1.8
BATRA,filters,rvol 1.08 < 1.8
BATRK,filters,price 4.19 < 8.0
BBAI,filters,price 4.19 < 8.0
BBBY,filters,price 4.19 < 8.0
BBCP,filters,price 4.19 < 8.0
BBIO,filters,rvol 1.00 < 1.8
BBNX,filters,price 3.65 < 8.0
BBSI,filters,price 3.65 < 8.0
BBT,filters,price 0.55 < 8.0
BBUC,filters,adv20 30891506 < 75000000
BBW,filters,adv20 30891506 < 75000000
BCAL,filters,price 6.87 < 8.0
BCAX,filters,price 6.87 < 8.0
BCBP,filters,price 6.87 < 8.0
BCC,filters,price 6.87 < 8.0
BCML,filters,price 6.87 < 8.0
BCO,filters,avg_vol_20d 257517 < 1000000
BCPC,filters,rvol 0.50 < 1.8
BCRX,filters,rvol 0.50 < 1.8
BDC,filters,rvol 0.50 < 1.8
BDN,filters,rvol 0.50 < 1.8
BE,filters,price 3.15 < 8.0
BEAM,filters,price 3.15 < 8.0
BEEP,filters,price 3.15 < 8.0
BELFA,filters,price 7.21 < 8.0
BELFB,filters,price 7.21 < 8.0
BETR,filters,price 6.33 < 8.0
BFC,filters,avg_vol_20d 1922 < 1000000
BFH,filters,price 3.59 < 8.0
BFLY,filters,price 3.59 < 8.0
BFS,filters,price 3.59 < 8.0
BFST,filters,price 3.59 < 8.0
BGC,filters,price 3.37 < 8.0
BGS,filters,adv20 30733520 < 75000000
BH,filters,adv20 30733520 < 75000000
BHB,filters,avg_vol_20d 737331 < 1000000
BHE,filters,avg_vol_20d 737331 < 1000000
BHR,filters,avg_vol_20d 737331 < 1000000
BHRB,filters,avg_vol_20d 737331 < 1000000
BHVN,filters,avg_vol_20d 737331 < 1000000
BIDU,filters,rvol 0.54 < 1.8
BIOA,filters,price 7.56 < 8.0
BIPC,filters,avg_vol_20d 626891 < 1000000
BJRI,filters,avg_vol_20d 626891 < 1000000
BKD,filters,avg_vol_20d 626891 < 1000000
BKE,filters,avg_vol_20d 922399 < 1000000
BKH,filters,avg_vol_20d 736332 < 1000000
BKKT,filters,avg_vol_20d 736332 < 1000000
BKSY,filters,avg_vol_20d 317354 < 1000000
BKTI,filters,avg_vol_20d 317354 < 1000000
BKU,filters,adv20 66857512 < 75000000
BKV,filters,adv20 66857512 < 75000000
BL,filters,adv20 66857512 < 75000000
BLBD,filters,adv20 66857512 < 75000000
BLFS,filters,adv20 66857512 < 75000000
BLFY,filters,adv20 66857512 < 75000000
BLKB,filters,price 7.24 < 8.0
BLMN,filters,price 7.24 < 8.0
BLND,filters,price 7.24 < 8.0
BLSH,filters,price 7.24 < 8.0
BLX,filters,price 7.24 < 8.0
BLZE,filters,price 3.53 < 8.0
BMBL,filters,price 3.53 < 8.0
BMI,filters,price 3.53 < 8.0
BMNR,filters,avg_vol_20d 617592 < 1000000
BMRC,filters,avg_vol_20d 617592 < 1000000
BNED,filters,avg_vol_20d 617592 < 1000000
BNL,filters,rvol 0.75 < 1.8
BNTC,filters,rvol 0.75 < 1.8
BOC,filters,rvol 0.75 < 1.8
BOH,filters,rvol 0.75 < 1.8
BOOM,filters,price 5.22 < 8.0
BOOT,filters,price 5.22 < 8.0
BORR,filters,price 5.22 < 8.0
BOW,filters,price 5.22 < 8.0
BOX,filters,avg_vol_20d 205712 < 1000000
BPRN,filters,avg_vol_20d 205712 < 1000000
BRBS,filters,avg_vol_20d 449187 < 1000000
BRCB,filters,avg_vol_20d 387612 < 1000000
BRCC,filters,avg_vol_20d 387612 < 1000000
BRSL,filters,avg_vol_20d 68497 < 1000000
BRSP,filters,avg_vol_20d 68497 < 1000000
BRT,filters,avg_vol_20d 68497 < 1000000
BRZE,filters,avg_vol_20d 68497 < 1000000
BSET,filters,avg_vol_20d 68497 < 1000000
BSRR,filters,avg_vol_20d 68497 < 1000000
BSVN,filters,avg_vol_20d 37920 < 1000000
BTBT,filters,avg_vol_20d 37920 < 1000000
BTDR,filters,avg_vol_20d 908310 < 1000000
BTMD,filters,avg_vol_20d 908310 < 1000000
BTSG,filters,avg_vol_20d 908310 < 1000000
BTU,filters,avg_vol_20d 532642 < 1000000
BULL,filters,avg_vol_20d 532642 < 1000000
BUR,filters,avg_vol_20d 532642 < 1000000
BUSE,filters,avg_vol_20d 56244 < 1000000
BV,filters,avg_vol_20d 56244 < 1000000
BVFL,filters,rvol 0.47 < 1.8
BVS,filters,avg_vol_20d 701835 < 1000000
BWB,filters,avg_vol_20d 701835 < 1000000
BWFG,filters,avg_vol_20d 516507 < 1000000
BWIN,filters,avg_vol_20d 516507 < 1000000
BWMN,filters,avg_vol_20d 516507 < 1000000
BXC,filters,avg_vol_20d 516507 < 1000000
BXMT,filters,avg_vol_20d 516507 < 1000000
BY,filters,avg_vol_20d 516507 < 1000000
BYND,filters,price 3.92 < 8.0
BYRN,filters,price 3.92 < 8.0
BZAI,filters,price 3.92 < 8.0
BZH,filters,price 3.92 < 8.0
CABO,filters,adv20 48153803 < 75000000
CAC,filters,avg_vol_20d 878156 < 1000000
CADE,filters,avg_vol_20d 878156 < 1000000
CADL,filters,avg_vol_20d 767254 < 1000000
CAKE,filters,avg_vol_20d 630962 < 1000000
CAL,filters,avg_vol_20d 630962 < 1000000
CALM,filters,rvol 0.47 < 1.8
CALX,filters,rvol 0.47 < 1.8
CAPR,filters,rvol 0.47 < 1.8
CARE,filters,rvol 0.47 < 1.8
CARG,filters,rvol 0.47 < 1.8
CARL,filters,avg_vol_20d 528435 < 1000000
CARS,filters,avg_vol_20d 528435 < 1000000
CASS,filters,price 5.28 < 8.0
CATX,filters,adv20 63854543 < 75000000
CATY,filters,adv20 63854543 < 75000000
CBAN,filters,price 5.57 < 8.0
CBFV,filters,price 7.93 < 8.0
CBK,filters,price 7.93 < 8.0
CBL,filters,avg_vol_20d 580695 < 1000000
CBLL,filters,avg_vol_20d 580695 < 1000000
CBNA,filters,avg_vol_20d 580695 < 1000000
CBNK,filters,avg_vol_20d 144766 < 1000000
CBRL,filters,price 3.93 < 8.0
CBT,filters,price 3.93 < 8.0
CBU,filters,avg_vol_20d 675224 < 1000000
CBZ,filters,avg_vol_20d 675224 < 1000000
CC,filters,avg_vol_20d 675224 < 1000000
CCB,filters,avg_vol_20d 675224 < 1000000
CCBG,filters,avg_vol_20d 675224 < 1000000
CCNE,filters,avg_vol_20d 252767 < 1000000
CCOI,filters,avg_vol_20d 252767 < 1000000
CCRN,filters,price 5.71 < 8.0
CCS,filters,rvol 0.83 < 1.8
CCSI,filters,rvol 0.83 < 1.8
CD,filters,price 5.71 < 8.0
CDE,filters,price 5.71 < 8.0
CDNA,filters,price 5.71 < 8.0
CDP,filters,avg_vol_20d 826502 < 1000000
CDRE,filters,avg_vol_20d 826502 < 1000000
CDXS,filters,avg_vol_20d 826502 < 1000000
CDZI,filters,avg_vol_20d 826502 < 1000000
CECO,filters,avg_vol_20d 826502 < 1000000
CEG,filters,avg_vol_20d 826502 < 1000000
CELC,filters,rvol 1.19 < 1.8
CENT,filters,rvol 1.19 < 1.8
CENTA,filters,avg_vol_20d 148814 < 1000000
CENX,filters,avg_vol_20d 148814 < 1000000
CERS,filters,price 2.24 < 8.0
CEVA,filters,price 2.24 < 8.0
CFBK,filters,price 2.24 < 8.0
CFFI,filters,rvol 0.68 < 1.8
CFFN,filters,avg_vol_20d 89713 < 1000000
CGEM,filters,adv20 63669983 < 75000000
CGON,filters,avg_vol_20d 162411 < 1000000
CHCO,filters,avg_vol_20d 162411 < 1000000
CHCT,filters,price 0.78 < 8.0
CHEF,filters,avg_vol_20d 162411 < 1000000
CHMG,filters,avg_vol_20d 78091 < 1000000
CHRS,filters,price 4.08 < 8.0
CIA,filters,price 4.99 < 8.0
CIEN,filters,adv20 15934816 < 75000000
CIFR,filters,avg_vol_20d 378868 < 1000000
CIM,filters,avg_vol_20d 378868 < 1000000
CIVB,filters,avg_vol_20d 378868 < 1000000
CIX,filters,avg_vol_20d 87436 < 1000000
CLAR,filters,avg_vol_20d 87436 < 1000000
CLB,filters,price 6.54 < 8.0
CLBK,filters,price 6.54 < 8.0
CLDT,filters,avg_vol_20d 300640 < 1000000
CLDX,filters,avg_vol_20d 300640 < 1000000
CLFD,filters,avg_vol_20d 300640 < 1000000
CLMB,filters,avg_vol_20d 869297 < 1000000
CLMT,filters,avg_vol_20d 869297 < 1000000
CLNE,filters,avg_vol_20d 869297 < 1000000
CLOV,filters,avg_vol_20d 869297 < 1000000
CLPR,filters,avg_vol_20d 869297 < 1000000
CLPT,filters,avg_vol_20d 869297 < 1000000
CLSK,filters,avg_vol_20d 869297 < 1000000
CLW,filters,avg_vol_20d 869297 < 1000000
CMC,filters,rvol 0.76 < 1.8
CMCL,filters,avg_vol_20d 369618 < 1000000
CMCO,filters,avg_vol_20d 373610 < 1000000
CMDB,filters,avg_vol_20d 165783 < 1000000
CMP,filters,adv20 10447531 < 75000000
CMPO,filters,adv20 10447531 < 75000000
CMPR,filters,adv20 50460148 < 75000000
CMPX,filters,rvol 0.66 < 1.8
CMRC,filters,rvol 0.66 < 1.8
CMRE,filters,rvol 0.66 < 1.8
CMT,filters,adv20 50460148 < 75000000
CMTG,filters,adv20 50460148 < 75000000
CNDT,filters,avg_vol_20d 19528 < 1000000
CNK,filters,avg_vol_20d 19528 < 1000000
CNMD,filters,avg_vol_20d 19528 < 1000000
CNNE,filters,avg_vol_20d 57128 < 1000000
CNO,filters,price 6.76 < 8.0
CNOB,filters,avg_vol_20d 182424 < 1000000
CNR,filters,rvol 0.44 < 1.8
CNS,filters,rvol 0.82 < 1.8
CNX,filters,rvol 0.82 < 1.8
CNXN,filters,rvol 0.82 < 1.8
COCO,filters,rvol 0.82 < 1.8
CODI,filters,rvol 0.82 < 1.8
COFS,filters,rvol 0.82 < 1.8
COGT,filters,rvol 0.82 < 1.8
COHR,filters,avg_vol_20d 185084 < 1000000
COHU,filters,rvol 0.93 < 1.8
COIN,filters,rvol 0.93 < 1.8
COLL,filters,rvol 0.93 < 1.8
COMM,filters,avg_vol_20d 73472 < 1000000
COMP,filters,avg_vol_20d 78793 < 1000000
CON,filters,avg_vol_20d 78793 < 1000000
COOK,filters,price 2.99 < 8.0
CORZ,filters,rvol 0.85 < 1.8
COSO,filters,rvol 0.85 < 1.8
COUR,filters,rvol 0.85 < 1.8
CPF,filters,adv20 23435670 < 75000000
CPK,filters,adv20 23435670 < 75000000
CPRI,filters,rvol 0.74 < 1.8
CPRX,filters,rvol 0.74 < 1.8
CPS,filters,rvol 0.74 < 1.8
CPSS,filters,rvol 0.74 < 1.8
CRAI,filters,avg_vol_20d 504061 < 1000000
CRC,filters,avg_vol_20d 504061 < 1000000
CRCL,filters,avg_vol_20d 504061 < 1000000
CRCT,filters,adv20 19992878 < 75000000
CRDF,filters,adv20 19992878 < 75000000
CRDO,filters,adv20 19992878 < 75000000
CRGY,filters,adv20 19992878 < 75000000
CRI,filters,avg_vol_20d 399761 < 1000000
CRK,filters,avg_vol_20d 399761 < 1000000
CRMD,filters,rvol 0.82 < 1.8
CRML,filters,avg_vol_20d 36595 < 1000000
CRMT,filters,avg_vol_20d 692144 < 1000000
CRNC,setup,did_not_meet_breakout_or_reversal
CRNX,setup,did_not_meet_breakout_or_reversal
CRSP,setup,did_not_meet_breakout_or_reversal
CRSR,setup,did_not_meet_breakout_or_reversal
CRVL,setup,did_not_meet_breakout_or_reversal
CRVS,setup,did_not_meet_breakout_or_reversal
CSGS,filters,avg_vol_20d 820008 < 1000000
CSPI,filters,adv20 63130358 < 75000000
CSR,filters,adv20 63130358 < 75000000
CSTL,filters,adv20 63130358 < 75000000
CSTM,filters,adv20 63130358 < 75000000
CSV,filters,adv20 63130358 < 75000000
CSW,filters,adv20 63130358 < 75000000
CTBI,filters,avg_vol_20d 157655 < 1000000
CTEV,filters,avg_vol_20d 157655 < 1000000
CTGO,filters,price 6.25 < 8.0
CTKB,filters,price 6.25 < 8.0
CTLP,filters,rvol 0.84 < 1.8
CTO,filters,price 2.75 < 8.0
CTOS,filters,price 2.75 < 8.0
CTRE,filters,avg_vol_20d 104689 < 1000000
CTRI,filters,avg_vol_20d 104689 < 1000000
CTRN,filters,avg_vol_20d 104689 < 1000000
CTS,filters,avg_vol_20d 104689 < 1000000
CUBI,filters,rvol 1.05 < 1.8
CURB,filters,rvol 0.79 < 1.8
CURI,filters,rvol 0.79 < 1.8
CURV,filters,rvol 0.79 < 1.8
CV,filters,rvol 1.05 < 1.8
CVBF,filters,rvol 1.05 < 1.8
CVCO,filters,rvol 1.05 < 1.8
CVGW,filters,rvol 1.05 < 1.8
CVI,filters,rvol 1.05 < 1.8
CVLG,filters,price 7.70 < 8.0
CVLT,filters,price 7.70 < 8.0
CVRX,filters,price 7.70 < 8.0
CWAN,filters,price 7.70 < 8.0
CWBC,filters,price 7.70 < 8.0
CWCO,filters,avg_vol_20d 154809 < 1000000
CWH,filters,avg_vol_20d 154809 < 1000000
CWK,filters,avg_vol_20d 119323 < 1000000
CWST,filters,avg_vol_20d 782860 < 1000000
CWT,filters,avg_vol_20d 782860 < 1000000
CXDO,filters,avg_vol_20d 21063 < 1000000
CXM,filters,rvol 0.97 < 1.8
CXW,filters,rvol 0.97 < 1.8
CYH,filters,rvol 0.97 < 1.8
CYRX,data,empty_or_short_history
CYTK,data,empty_or_short_history
CZFS,filters,avg_vol_20d 345291 < 1000000
CZNC,filters,price 5.73 < 8.0
CZWI,filters,price 5.73 < 8.0
DAKT,filters,price 5.73 < 8.0
DAN,filters,adv20 21733379 < 75000000
DAVE,filters,rvol 1.08 < 1.8
DAWN,filters,adv20 70387429 < 75000000
DBD,filters,adv20 70387429 < 75000000
DBI,filters,avg_vol_20d 33644 < 1000000
DBRG,filters,avg_vol_20d 19460 < 1000000
DC,filters,avg_vol_20d 19460 < 1000000
DCGO,filters,avg_vol_20d 33644 < 1000000
DCO,filters,avg_vol_20d 19460 < 1000000
DCOM,filters,avg_vol_20d 19460 < 1000000
DCTH,filters,avg_vol_20d 19460 < 1000000
DDD,filters,avg_vol_20d 19460 < 1000000
DEA,filters,price 2.13 < 8.0
DEC,filters,price 2.13 < 8.0
DEI,filters,price 6.01 < 8.0
DENN,filters,avg_vol_20d 269900 < 1000000
DERM,filters,avg_vol_20d 269900 < 1000000
DFH,filters,avg_vol_20d 269900 < 1000000
DFIN,filters,avg_vol_20d 269900 < 1000000
DGICA,filters,avg_vol_20d 91633 < 1000000
DGII,filters,avg_vol_20d 91633 < 1000000
DH,filters,rvol 0.98 < 1.8
DHC,filters,rvol 0.98 < 1.8
DHIL,filters,avg_vol_20d 14292 < 1000000
DHT,filters,avg_vol_20d 14292 < 1000000
DIN,filters,avg_vol_20d 14292 < 1000000
DIOD,filters,avg_vol_20d 14292 < 1000000
DJCO,filters,avg_vol_20d 14292 < 1000000
DK,filters,adv20 29966385 < 75000000
DLX,filters,adv20 29966385 < 75000000
DMAC,filters,rvol 0.95 < 1.8
DMRC,filters,rvol 0.95 < 1.8
DNA,filters,rvol 0.95 < 1.8
DNLI,filters,adv20 32603803 < 75000000
DNOW,filters,adv20 32603803 < 75000000
DNTH,filters,adv20 32603803 < 75000000
DNUT,filters,avg_vol_20d 662688 < 1000000
DOCN,filters,avg_vol_20d 629504 < 1000000
DOLE,filters,rvol 1.04 < 1.8
DOMO,filters,rvol 1.04 < 1.8
DORM,filters,rvol 1.04 < 1.8
DOUG,filters,atr_pct 3.11 < 3.5
DRH,filters,atr_pct 3.11 < 3.5
DRUG,filters,atr_pct 3.11 < 3.5
DRVN,filters,atr_pct 3.11 < 3.5
DSGN,filters,atr_pct 3.11 < 3.5
DSGR,filters,price 1.18 < 8.0
DSP,filters,adv20 73398131 < 75000000
DVAX,filters,adv20 73398131 < 75000000
DX,filters,adv20 73398131 < 75000000
DXPE,filters,avg_vol_20d 548534 < 1000000
DY,filters,avg_vol_20d 548534 < 1000000
DYN,filters,price 5.68 < 8.0
EAT,filters,price 5.68 < 8.0
EB,filters,rvol 0.65 < 1.8
EBC,filters,avg_vol_20d 66473 < 1000000
EBF,filters,avg_vol_20d 66473 < 1000000
EBMT,filters,adv20 25043278 < 75000000
EBS,filters,adv20 25043278 < 75000000
ECBK,filters,adv20 25043278 < 75000000
ECPG,filters,adv20 31692284 < 75000000
ECVT,filters,adv20 31692284 < 75000000
EDIT,filters,avg_vol_20d 736263 < 1000000
EE,filters,avg_vol_20d 76651 < 1000000
EEX,filters,avg_vol_20d 76651 < 1000000
EFC,filters,avg_vol_20d 76651 < 1000000
EFSC,filters,avg_vol_20d 408009 < 1000000
EFSI,filters,avg_vol_20d 408009 < 1000000
EGAN,filters,avg_vol_20d 112172 < 1000000
EGBN,filters,avg_vol_20d 112172 < 1000000
EGHT,filters,avg_vol_20d 112172 < 1000000
EGY,filters,avg_vol_20d 112172 < 1000000
EHAB,filters,avg_vol_20d 112172 < 1000000
EHTH,filters,avg_vol_20d 112172 < 1000000
EIG,filters,adv20 39151186 < 75000000
ELA,filters,adv20 39151186 < 75000000
ELDN,filters,adv20 39151186 < 75000000
ELMD,filters,price 4.70 < 8.0
ELME,filters,rvol 0.96 < 1.8
ELVN,filters,avg_vol_20d 174144 < 1000000
EMBC,filters,avg_vol_20d 4872 < 1000000
EML,filters,avg_vol_20d 50157 < 1000000
ENOV,filters,avg_vol_20d 918610 < 1000000
ENPH,filters,avg_vol_20d 478946 < 1000000
ENR,filters,adv20 45438973 < 75000000
ENS,filters,adv20 45438973 < 75000000
ENSG,filters,adv20 45438973 < 75000000
ENTA,filters,adv20 43187469 < 75000000
ENVA,filters,adv20 59260403 < 75000000
ENVX,filters,adv20 59260403 < 75000000
EOLS,filters,avg_vol_20d 97730 < 1000000
EOSE,filters,avg_vol_20d 97730 < 1000000
EP,filters,avg_vol_20d 97730 < 1000000
EPAC,filters,avg_vol_20d 97730 < 1000000
EPC,filters,rvol 0.81 < 1.8
EPM,filters,rvol 0.81 < 1.8
EPRT,filters,rvol 0.81 < 1.8
EPSN,filters,avg_vol_20d 575548 < 1000000
EQBK,filters,rvol 0.86 < 1.8
ERAS,filters,avg_vol_20d 575548 < 1000000
ERII,filters,avg_vol_20d 194841 < 1000000
ESCA,filters,avg_vol_20d 468942 < 1000000
ESE,filters,avg_vol_20d 468942 < 1000000
ESNT,filters,price 4.98 < 8.0
ESOA,filters,price 4.98 < 8.0
ESPR,filters,price 4.98 < 8.0
ESQ,filters,price 4.98 < 8.0
ESRT,filters,rvol 0.65 < 1.8
ETD,filters,avg_vol_20d 657053 < 1000000
ETON,filters,rvol 1.06 < 1.8
EU,filters,adv20 43709956 < 75000000
EVC,filters,adv20 43709956 < 75000000
EVCM,filters,adv20 43709956 < 75000000
EVER,filters,rvol 1.07 < 1.8
EVEX,filters,price 4.91 < 8.0
EVGO,filters,avg_vol_20d 281143 < 1000000
EVH,filters,avg_vol_20d 281143 < 1000000
EVI,filters,avg_vol_20d 281143 < 1000000
EVLV,filters,avg_vol_20d 281143 < 1000000
EVTC,filters,avg_vol_20d 281143 < 1000000
EWCZ,filters,avg_vol_20d 200387 < 1000000
EWTX,filters,avg_vol_20d 200387 < 1000000
EXFY,filters,avg_vol_20d 200387 < 1000000
EXPI,setup,did_not_meet_breakout_or_reversal
EXPO,setup,did_not_meet_breakout_or_reversal
EXTR,setup,did_not_meet_breakout_or_reversal
EYE,filters,rvol 0.49 < 1.8
EYPT,filters,rvol 0.49 < 1.8
FA,filters,rvol 0.45 < 1.8
FATE,filters,rvol 0.45 < 1.8
FBIZ,filters,avg_vol_20d 682944 < 1000000
FBK,filters,avg_vol_20d 682944 < 1000000
FBLA,filters,adv20 58627987 < 75000000
FBNC,filters,adv20 58627987 < 75000000
FBP,filters,adv20 58627987 < 75000000
FBRT,filters,avg_vol_20d 388511 < 1000000
FBYD,filters,avg_vol_20d 388511 < 1000000
FC,filters,avg_vol_20d 388511 < 1000000
FCAP,filters,avg_vol_20d 388511 < 1000000
FCBC,filters,avg_vol_20d 388511 < 1000000
FCCO,filters,avg_vol_20d 8495 < 1000000
FCF,filters,avg_vol_20d 8495 < 1000000
FCFS,filters,avg_vol_20d 8495 < 1000000
FCPT,filters,avg_vol_20d 8495 < 1000000
FDBC,filters,avg_vol_20d 222856 < 1000000
FDMT,filters,avg_vol_20d 222856 < 1000000
FDP,filters,avg_vol_20d 222856 < 1000000
FEIM,filters,rvol 0.65 < 1.8
FELE,filters,rvol 0.65 < 1.8
FENC,filters,rvol 0.65 < 1.8
FET,filters,rvol 0.54 < 1.8
FF,filters,rvol 0.54 < 1.8
FFAI,filters,rvol 0.54 < 1.8
FFBC,filters,rvol 0.71 < 1.8
FFIC,filters,rvol 0.71 < 1.8
FFIN,filters,price 1.61 < 8.0
FFWM,filters,price 1.61 < 8.0
FG,filters,rvol 1.04 < 1.8
FHTX,filters,rvol 1.04 < 1.8
FIBK,filters,rvol 1.04 < 1.8
FIG,filters,avg_vol_20d 975088 < 1000000
FIGS,filters,avg_vol_20d 975088 < 1000000
FIHL,filters,price 5.98 < 8.0
FINW,filters,avg_vol_20d 374265 < 1000000
FIP,filters,price 5.98 < 8.0
FISI,filters,rvol 0.51 < 1.8
FIVN,filters,rvol 0.51 < 1.8
FIZZ,filters,avg_vol_20d 756040 < 1000000
FLG,filters,avg_vol_20d 756040 < 1000000
FLGT,filters,avg_vol_20d 756040 < 1000000
FLNC,filters,avg_vol_20d 756040 < 1000000
FLNG,filters,avg_vol_20d 756040 < 1000000
FLOC,filters,avg_vol_20d 756040 < 1000000
FLR,filters,avg_vol_20d 756040 < 1000000
FLWS,filters,avg_vol_20d 756040 < 1000000
FLXS,filters,avg_vol_20d 141758 < 1000000
FLY,filters,avg_vol_20d 141758 < 1000000
FLYW,filters,avg_vol_20d 141758 < 1000000
FMAO,filters,avg_vol_20d 388940 < 1000000
FMBH,filters,avg_vol_20d 388940 < 1000000
FMNB,filters,avg_vol_20d 388940 < 1000000
FN,filters,avg_vol_20d 56740 < 1000000
FNKO,filters,adv20 35834765 < 75000000
FNLC,filters,adv20 35834765 < 75000000
FNWD,filters,adv20 35834765 < 75000000
FOA,filters,price 2.64 < 8.0
FOLD,filters,price 7.49 < 8.0
FOR,filters,price 2.02 < 8.0
FORM,filters,price 2.02 < 8.0
FORR,filters,avg_vol_20d 588921 < 1000000
FOXF,filters,rvol 0.86 < 1.8
FPI,filters,rvol 0.86 < 1.8
FRAF,filters,rvol 0.95 < 1.8
FRBA,filters,rvol 0.95 < 1.8
FRD,filters,avg_vol_20d 562337 < 1000000
FRGE,filters,avg_vol_20d 562337 < 1000000
FRME,filters,avg_vol_20d 562337 < 1000000
FRPH,filters,rvol 0.75 < 1.8
FRSH,filters,avg_vol_20d 80569 < 1000000
FRST,filters,rvol 0.93 < 1.8
FSBC,filters,adv20 62325113 < 75000000
FSBW,filters,adv20 62325113 < 75000000
FSFG,filters,adv20 62325113 < 75000000
FSLY,filters,avg_vol_20d 148339 < 1000000
FSP,filters,avg_vol_20d 148339 < 1000000
FSS,filters,avg_vol_20d 148339 < 1000000
FSTR,filters,avg_vol_20d 148339 < 1000000
FSUN,filters,avg_vol_20d 148339 < 1000000
FTDR,filters,price 6.28 < 8.0
FTK,filters,price 6.28 < 8.0
FTLF,filters,rvol 0.69 < 1.8
FTRE,filters,rvol 0.69 < 1.8
FUBO,filters,rvol 0.69 < 1.8
FUL,filters,rvol 0.69 < 1.8
FULC,filters,rvol 0.69 < 1.8
FULT,filters,avg_vol_20d 527253 < 1000000
FUN,filters,price 3.18 < 8.0
FUNC,filters,rvol 0.62 < 1.8
FVCB,filters,rvol 0.62 < 1.8
FVR,filters,price 2.57 < 8.0
FWRD,filters,price 2.57 < 8.0
FWRG,filters,price 1.53 < 8.0
FXNC,filters,adv20 58934919 < 75000000
GABC,filters,adv20 58934919 < 75000000
GAIA,filters,adv20 58934919 < 75000000
GAMB,filters,adv20 58934919 < 75000000
GATX,filters,avg_vol_20d 634085 < 1000000
GBCI,filters,price 2.77 < 8.0
GBFH,filters,avg_vol_20d 675319 < 1000000
GBTG,filters,price 2.77 < 8.0
GBX,filters,price 2.77 < 8.0
GCBC,filters,price 2.77 < 8.0
GCMG,filters,price 2.77 < 8.0
GCO,filters,price 2.77 < 8.0
GCT,filters,price 2.77 < 8.0
GDEN,filters,avg_vol_20d 297414 < 1000000
GDOT,filters,avg_vol_20d 297414 < 1000000
GDYN,filters,avg_vol_20d 765399 < 1000000
GEF,filters,avg_vol_20d 765399 < 1000000
GENC,filters,avg_vol_20d 742248 < 1000000
GENI,filters,avg_vol_20d 742248 < 1000000
GEO,filters,rvol 0.86 < 1.8
GERN,filters,rvol 0.86 < 1.8
GETY,filters,rvol 0.86 < 1.8
GEVO,filters,rvol 0.86 < 1.8
GFF,filters,rvol 0.86 < 1.8
GH,filters,rvol 0.86 < 1.8
GHC,filters,rvol 0.86 < 1.8
GHM,filters,price 6.39 < 8.0
GIC,filters,price 6.39 < 8.0
GIII,filters,adv20 30369951 < 75000000
GKOS,filters,avg_vol_20d 408668 < 1000000
GLDD,filters,avg_vol_20d 408668 < 1000000
GLNG,filters,avg_vol_20d 76920 < 1000000
GLRE,filters,avg_vol_20d 76920 < 1000000
GNL,filters,rvol 1.13 < 1.8
GNW,filters,rvol 1.13 < 1.8
GO,filters,adv20 27032314 < 75000000
GOCO,filters,rvol 0.65 < 1.8
GOGO,filters,rvol 0.65 < 1.8
GOLD,filters,rvol 0.65 < 1.8
GOLF,filters,rvol 1.05 < 1.8
GOOD,filters,rvol 1.05 < 1.8
GOSS,filters,avg_vol_20d 165667 < 1000000
GPI,filters,avg_vol_20d 165667 < 1000000
GPOR,filters,price 5.92 < 8.0
GPRE,filters,price 5.92 < 8.0
GRAL,filters,price 5.92 < 8.0
GRBK,filters,price 5.92 < 8.0
GRC,filters,price 5.92 < 8.0
GRDN,filters,price 5.92 < 8.0
GRND,filters,price 5.92 < 8.0
GRNT,filters,rvol 0.44 < 1.8
GRPN,filters,rvol 0.69 < 1.8
GSAT,filters,rvol 0.69 < 1.8
GSBC,filters,avg_vol_20d 127408 < 1000000
GSHD,filters,avg_vol_20d 127408 < 1000000
GSM,filters,avg_vol_20d 127408 < 1000000
GT,filters,avg_vol_20d 844625 < 1000000
GTLS,filters,rvol 0.93 < 1.8
GTN,filters,rvol 0.93 < 1.8
GTX,filters,rvol 0.93 < 1.8
GTY,filters,rvol 0.58 < 1.8
GVA,filters,rvol 0.58 < 1.8
GWRS,filters,rvol 0.58 < 1.8
GYRE,filters,adv20 53394372 < 75000000
HAE,filters,adv20 53394372 < 75000000
HAFC,filters,adv20 37936181 < 75000000
HAIN,filters,adv20 37936181 < 75000000
HASI,filters,adv20 66436695 < 75000000
HBB,filters,adv20 66436695 < 75000000
HBCP,filters,adv20 66436695 < 75000000
HBNC,filters,adv20 66436695 < 75000000
HBT,filters,price 7.34 < 8.0
HCAT,filters,rvol 0.38 < 1.8
HCC,filters,rvol 0.38 < 1.8
HCI,filters,rvol 0.38 < 1.8
HCKT,filters,adv20 43406310 < 75000000
HCSG,filters,adv20 43406310 < 75000000
HDSN,filters,adv20 43406310 < 75000000
HE,filters,adv20 43406310 < 75000000
HELE,filters,adv20 43406310 < 75000000
HFFG,filters,rvol 1.08 < 1.8
HFWA,filters,rvol 1.08 < 1.8
HG,filters,rvol 1.08 < 1.8
HGV,filters,rvol 1.08 < 1.8
HI,filters,rvol 1.08 < 1.8
HIFS,filters,rvol 1.08 < 1.8
HIMS,filters,price 6.79 < 8.0
HIPO,filters,avg_vol_20d 276148 < 1000000
HL,filters,avg_vol_20d 276148 < 1000000
HLF,filters,avg_vol_20d 276148 < 1000000
HLIO,filters,avg_vol_20d 276148 < 1000000
HLIT,filters,rvol 1.09 < 1.8
HLLY,filters,rvol 0.74 < 1.8
HLMN,filters,rvol 0.74 < 1.8
HLX,filters,avg_vol_20d 410676 < 1000000
HMN,filters,avg_vol_20d 410676 < 1000000
HNI,filters,avg_vol_20d 410676 < 1000000
HNRG,filters,avg_vol_20d 410676 < 1000000
HNST,filters,avg_vol_20d 410676 < 1000000
HNVR,filters,adv20 51283334 < 75000000
HOMB,filters,adv20 51283334 < 75000000
HOOD,filters,adv20 51283334 < 75000000
HOPE,filters,adv20 51283334 < 75000000
HOV,filters,adv20 51283334 < 75000000
HP,filters,adv20 51283334 < 75000000
HPK,filters,adv20 36262027 < 75000000
HPP,filters,adv20 36262027 < 75000000
HQI,filters,adv20 36262027 < 75000000
HQY,filters,adv20 36262027 < 75000000
HRI,filters,rvol 0.69 < 1.8
HRMY,filters,rvol 0.79 < 1.8
HROW,filters,rvol 0.79 < 1.8
HRTG,filters,avg_vol_20d 265084 < 1000000
HRTX,filters,avg_vol_20d 265084 < 1000000
HSHP,filters,avg_vol_20d 265084 < 1000000
HSTM,filters,avg_vol_20d 141850 < 1000000
HTB,filters,avg_vol_20d 141850 < 1000000
HTBK,filters,avg_vol_20d 141850 < 1000000
HTFL,filters,avg_vol_20d 141850 < 1000000
HTH,filters,avg_vol_20d 141850 < 1000000
HTLD,filters,avg_vol_20d 141850 < 1000000
HTO,filters,avg_vol_20d 195521 < 1000000
HTZ,filters,avg_vol_20d 244484 < 1000000
HUBG,filters,price 7.26 < 8.0
HUMA,filters,rvol 0.48 < 1.8
HURA,filters,avg_vol_20d 75715 < 1000000
HURN,filters,adv20 31220469 < 75000000
HUT,filters,avg_vol_20d 452746 < 1000000
HVT,filters,avg_vol_20d 452746 < 1000000
HWBK,filters,avg_vol_20d 452746 < 1000000
HWC,filters,avg_vol_20d 452746 < 1000000
HWKN,filters,avg_vol_20d 925264 < 1000000
HY,filters,price 3.25 < 8.0
HYLN,filters,price 3.25 < 8.0
HZO,filters,price 3.25 < 8.0
IART,filters,price 3.25 < 8.0
IBCP,filters,price 3.25 < 8.0
IBEX,filters,price 1.33 < 8.0
IBOC,filters,price 1.33 < 8.0
IBP,filters,price 1.33 < 8.0
IBRX,filters,price 1.33 < 8.0
IBTA,filters,avg_vol_20d 199694 < 1000000
ICFI,filters,adv20 28684614 < 75000000
ICHR,filters,adv20 28684614 < 75000000
ICUI,filters,price 1.08 < 8.0
IDCC,filters,price 1.08 < 8.0
IDR,filters,price 1.08 < 8.0
IDT,filters,price 1.08 < 8.0
IDYA,filters,price 1.08 < 8.0
IE,filters,price 1.08 < 8.0
IESC,filters,price 1.08 < 8.0
IHRT,filters,avg_vol_20d 252026 < 1000000
III,filters,price 4.83 < 8.0
IIIN,filters,avg_vol_20d 252026 < 1000000
IIIV,filters,avg_vol_20d 252026 < 1000000
IIPR,filters,avg_vol_20d 252026 < 1000000
IKT,filters,avg_vol_20d 189009 < 1000000
ILLR,filters,avg_vol_20d 618415 < 1000000
ILPT,filters,avg_vol_20d 618415 < 1000000
IMAX,filters,rvol 0.63 < 1.8
IMKTA,filters,rvol 0.63 < 1.8
IMMR,filters,rvol 0.63 < 1.8
IMNM,filters,price 4.95 < 8.0
IMVT,filters,price 4.95 < 8.0
IMXI,filters,adv20 28880155 < 75000000
INBK,filters,rvol 0.39 < 1.8
INBX,filters,rvol 0.39 < 1.8
INDB,filters,avg_vol_20d 158313 < 1000000
INDI,filters,avg_vol_20d 158313 < 1000000
INDV,filters,avg_vol_20d 158313 < 1000000
INGN,filters,avg_vol_20d 158313 < 1000000
INMB,filters,adv20 34864017 < 75000000
INN,filters,adv20 34864017 < 75000000
INNV,filters,adv20 34864017 < 75000000
INOD,filters,avg_vol_20d 361768 < 1000000
INR,filters,avg_vol_20d 361768 < 1000000
INSE,filters,avg_vol_20d 361768 < 1000000
INSG,filters,avg_vol_20d 361768 < 1000000
INSW,filters,avg_vol_20d 361768 < 1000000
INTA,filters,avg_vol_20d 361768 < 1000000
INV,filters,price 5.49 < 8.0
INVA,filters,price 5.49 < 8.0
INVX,filters,adv20 20836225 < 75000000
IONQ,filters,adv20 20836225 < 75000000
IOSP,filters,adv20 20836225 < 75000000
IOVA,filters,adv20 20836225 < 75000000
IPAR,filters,price 4.50 < 8.0
IPI,filters,avg_vol_20d 13577 < 1000000
IREN,filters,rvol 0.64 < 1.8
IRMD,filters,rvol 0.64 < 1.8
IRON,filters,rvol 0.64 < 1.8
IRT,filters,rvol 0.89 < 1.8
IRTC,filters,rvol 0.89 < 1.8
IRWD,filters,rvol 0.89 < 1.8
ISPR,filters,rvol 0.89 < 1.8
ISTR,filters,rvol 0.89 < 1.8
ITGR,filters,rvol 0.89 < 1.8
ITIC,filters,avg_vol_20d 546974 < 1000000
ITRI,filters,avg_vol_20d 546974 < 1000000
IVR,filters,avg_vol_20d 61595 < 1000000
IVT,filters,rvol 0.76 < 1.8
JACK,filters,rvol 1.42 < 1.8
JAKK,filters,rvol 1.42 < 1.8
JAMF,filters,avg_vol_20d 292253 < 1000000
JANX,filters,avg_vol_20d 292253 < 1000000
JBGS,filters,avg_vol_20d 292253 < 1000000
JBI,filters,price 7.19 < 8.0
JBIO,filters,price 7.19 < 8.0
JBLU,filters,adv20 62504514 < 75000000
JBSS,filters,adv20 62504514 < 75000000
JBTM,filters,adv20 62504514 < 75000000
JCAP,filters,price 0.75 < 8.0
JD,filters,price 0.75 < 8.0
JELD,filters,price 0.75 < 8.0
JILL,filters,adv20 29503302 < 75000000
JJSF,filters,adv20 29503302 < 75000000
JMSB,filters,adv20 29503302 < 75000000
JOBY,filters,avg_vol_20d 514115 < 1000000
JOE,filters,avg_vol_20d 514115 < 1000000
JOUT,filters,price 2.08 < 8.0
JRVR,filters,price 2.08 < 8.0
JXN,filters,price 2.08 < 8.0
JYNT,filters,rvol 0.62 < 1.8
KAI,filters,rvol 0.62 < 1.8
KALU,filters,price 5.84 < 8.0
KALV,filters,avg_vol_20d 536437 < 1000000
KAR,filters,avg_vol_20d 536437 < 1000000
KBH,filters,avg_vol_20d 536437 < 1000000
KE,filters,avg_vol_20d 536437 < 1000000
KELYA,filters,rvol 0.81 < 1.8
KFRC,filters,adv20 30918235 < 75000000
KFS,filters,adv20 30918235 < 75000000
KFY,filters,rvol 1.23 < 1.8
KG,filters,avg_vol_20d 429512 < 1000000
KGEI,filters,avg_vol_20d 429512 < 1000000
KGS,filters,avg_vol_20d 429512 < 1000000
KIDS,filters,avg_vol_20d 403641 < 1000000
KINS,filters,avg_vol_20d 403641 < 1000000
KLC,filters,rvol 0.99 < 1.8
KLIC,filters,rvol 0.99 < 1.8
KLTR,filters,rvol 0.99 < 1.8
KMT,filters,avg_vol_20d 336824 < 1000000
KMTS,filters,avg_vol_20d 336824 < 1000000
KN,filters,avg_vol_20d 336824 < 1000000
KNF,filters,avg_vol_20d 336824 < 1000000
KNTK,filters,avg_vol_20d 336824 < 1000000
KOD,filters,price 1.59 < 8.0
KODK,filters,price 6.55 < 8.0
KOP,filters,price 6.55 < 8.0
KOPN,filters,price 6.55 < 8.0
KOS,filters,price 6.55 < 8.0
KREF,filters,price 6.25 < 8.0
KRG,filters,adv20 39030591 < 75000000
KRKNF,filters,adv20 39030591 < 75000000
KRMD,filters,adv20 39030591 < 75000000
KRNY,filters,adv20 39030591 < 75000000
KRO,filters,avg_vol_20d 415906 < 1000000
KROS,filters,avg_vol_20d 415906 < 1000000
KRRO,filters,avg_vol_20d 68761 < 1000000
KRT,filters,rvol 0.90 < 1.8
KRUS,filters,rvol 0.90 < 1.8
KRYS,filters,rvol 0.90 < 1.8
KSS,filters,rvol 0.90 < 1.8
KTB,filters,rvol 1.08 < 1.8
KTOS,filters,rvol 1.08 < 1.8
KULR,filters,rvol 1.08 < 1.8
KURA,filters,rvol 1.08 < 1.8
KW,filters,rvol 1.08 < 1.8
KWR,filters,rvol 1.08 < 1.8
KYMR,filters,rvol 1.08 < 1.8
LAB,filters,adv20 10698608 < 75000000
LADR,filters,adv20 10698608 < 75000000
LAKE,filters,adv20 10698608 < 75000000
LAND,filters,adv20 36329713 < 75000000
LARK,filters,adv20 46282713 < 75000000
LASR,filters,adv20 46282713 < 75000000
LAUR,filters,adv20 46282713 < 75000000
LAW,filters,adv20 46282713 < 75000000
LBRT,filters,adv20 46282713 < 75000000
LBRX,filters,adv20 46282713 < 75000000
LC,filters,adv20 46282713 < 75000000
LCII,filters,rvol 0.69 < 1.8
LCNB,filters,rvol 0.69 < 1.8
LDI,filters,rvol 1.11 < 1.8
LE,filters,rvol 1.11 < 1.8
LEG,filters,rvol 1.11 < 1.8
LEGH,filters,price 4.10 < 8.0
LENZ,filters,price 4.10 < 8.0
LEU,filters,price 4.10 < 8.0
LFCR,filters,price 2.95 < 8.0
LFMD,filters,price 2.95 < 8.0
LFST,filters,price 2.95 < 8.0
LFT,filters,rvol 0.95 < 1.8
LFVN,filters,adv20 32298439 < 75000000
LGIH,filters,avg_vol_20d 124672 < 1000000
LGN,filters,avg_vol_20d 998652 < 1000000
LGND,filters,avg_vol_20d 998652 < 1000000
LIF,filters,rvol 0.75 < 1.8
LILA,filters,rvol 1.07 < 1.8
LILAK,filters,rvol 1.07 < 1.8
LINC,filters,rvol 0.47 < 1.8
LIND,filters,rvol 0.47 < 1.8
LION,filters,rvol 0.47 < 1.8
LITE,filters,rvol 0.47 < 1.8
LIVN,filters,rvol 0.47 < 1.8
LKFN,filters,rvol 1.14 < 1.8
LMAT,filters,rvol 0.71 < 1.8
LMB,filters,rvol 1.14 < 1.8
LMND,filters,rvol 1.14 < 1.8
LMNR,filters,rvol 1.14 < 1.8
LNKB,filters,rvol 1.79 < 1.8
LNN,filters,rvol 1.79 < 1.8
LNSR,filters,rvol 0.53 < 1.8
LNTH,filters,rvol 0.53 < 1.8
LOB,filters,rvol 0.53 < 1.8
LOCO,filters,rvol 0.53 < 1.8
LOVE,filters,avg_vol_20d 416262 < 1000000
LPG,filters,avg_vol_20d 416262 < 1000000
LPRO,filters,avg_vol_20d 416262 < 1000000
LQDA,filters,avg_vol_20d 416262 < 1000000
LQDT,filters,avg_vol_20d 416262 < 1000000
LRMR,filters,avg_vol_20d 416262 < 1000000
LRN,filters,adv20 48713641 < 75000000
LTBR,filters,rvol 0.53 < 1.8
LTC,filters,rvol 0.53 < 1.8
LTH,filters,avg_vol_20d 756709 < 1000000
LUCD,filters,avg_vol_20d 168839 < 1000000
LULU,filters,price 1.33 < 8.0
LUMN,filters,price 1.33 < 8.0
LUNG,filters,price 1.33 < 8.0
LUNR,filters,price 1.76 < 8.0
LVWR,filters,price 4.77 < 8.0
LWAY,filters,adv20 34736717 < 75000000
LXEO,filters,adv20 34736717 < 75000000
LXFR,filters,adv20 12924782 < 75000000
LXP,filters,adv20 12924782 < 75000000
LXU,filters,adv20 12924782 < 75000000
LYTS,filters,adv20 12924782 < 75000000
LZ,filters,adv20 12924782 < 75000000
LZB,filters,adv20 12924782 < 75000000
LZM,filters,avg_vol_20d 15263 < 1000000
MAC,filters,avg_vol_20d 15263 < 1000000
MAGN,filters,avg_vol_20d 15263 < 1000000
MAMA,filters,avg_vol_20d 15263 < 1000000
MAPS,filters,avg_vol_20d 15263 < 1000000
MARA,filters,avg_vol_20d 446585 < 1000000
MASS,filters,avg_vol_20d 446585 < 1000000
MATV,filters,avg_vol_20d 446585 < 1000000
MATW,filters,avg_vol_20d 446585 < 1000000
MATX,filters,avg_vol_20d 237449 < 1000000
MAX,filters,avg_vol_20d 237449 < 1000000
MAZE,filters,avg_vol_20d 218984 < 1000000
MBC,filters,avg_vol_20d 218984 < 1000000
MBCN,filters,avg_vol_20d 5103 < 1000000
MBI,filters,avg_vol_20d 218984 < 1000000
MBIN,filters,avg_vol_20d 218984 < 1000000
MBUU,filters,avg_vol_20d 218984 < 1000000
MBWM,filters,rvol 1.48 < 1.8
MBX,filters,rvol 1.48 < 1.8
MC,filters,rvol 1.48 < 1.8
MCB,filters,rvol 1.48 < 1.8
MCBS,filters,rvol 0.51 < 1.8
MCFT,filters,avg_vol_20d 80037 < 1000000
MCHB,filters,price 2.02 < 8.0
MCRI,filters,avg_vol_20d 875786 < 1000000
MCS,filters,avg_vol_20d 868116 < 1000000
MCW,filters,avg_vol_20d 868116 < 1000000
MCY,filters,avg_vol_20d 868116 < 1000000
MD,filters,avg_vol_20d 868116 < 1000000
MDGL,filters,avg_vol_20d 13461 < 1000000
MDV,filters,avg_vol_20d 13461 < 1000000
MDWD,filters,avg_vol_20d 13461 < 1000000
MDXG,filters,rvol 1.19 < 1.8
MEC,filters,adv20 24003102 < 75000000
MED,filters,adv20 24003102 < 75000000
MEG,filters,price 2.18 < 8.0
MEI,filters,price 2.18 < 8.0
METC,filters,price 2.18 < 8.0
MFA,filters,adv20 34435242 < 75000000
MFIN,filters,avg_vol_20d 622044 < 1000000
MG,filters,price 5.92 < 8.0
MGEE,filters,price 5.92 < 8.0
MGNI,filters,price 5.92 < 8.0
MGPI,filters,price 5.92 < 8.0
MGRC,filters,avg_vol_20d 459717 < 1000000
MGTX,filters,avg_vol_20d 459717 < 1000000
MGY,filters,avg_vol_20d 459717 < 1000000
MH,filters,avg_vol_20d 459717 < 1000000
MHO,filters,avg_vol_20d 459717 < 1000000
MIAX,filters,avg_vol_20d 459717 < 1000000
MIR,filters,avg_vol_20d 459717 < 1000000
MIRM,filters,avg_vol_20d 459717 < 1000000
MITK,filters,avg_vol_20d 334331 < 1000000
MITT,filters,avg_vol_20d 334331 < 1000000
MKTW,filters,avg_vol_20d 334331 < 1000000
MLAB,filters,rvol 0.91 < 1.8
MLKN,filters,avg_vol_20d 82634 < 1000000
MLP,filters,avg_vol_20d 677481 < 1000000
MLR,filters,avg_vol_20d 677481 < 1000000
MLYS,filters,avg_vol_20d 677481 < 1000000
MMI,filters,avg_vol_20d 677481 < 1000000
MMS,filters,rvol 0.68 < 1.8
MMSI,filters,adv20 30939445 < 75000000
MNKD,filters,adv20 30939445 < 75000000
MNMD,filters,adv20 30939445 < 75000000
MNPR,filters,adv20 30939445 < 75000000
MNRO,filters,adv20 30939445 < 75000000
MNSB,filters,adv20 30939445 < 75000000
MNTK,filters,avg_vol_20d 302616 < 1000000
MOD,filters,avg_vol_20d 100246 < 1000000
MODG,filters,avg_vol_20d 100246 < 1000000
MOFG,filters,avg_vol_20d 16331 < 1000000
MOV,filters,avg_vol_20d 224428 < 1000000
MPAA,filters,avg_vol_20d 269578 < 1000000
MPB,filters,avg_vol_20d 269578 < 1000000
MPLT,filters,avg_vol_20d 102462 < 1000000
MPTI,filters,avg_vol_20d 102462 < 1000000
MPX,filters,avg_vol_20d 102462 < 1000000
MQ,filters,price 4.37 < 8.0
MRBK,filters,price 4.37 < 8.0
MRCY,filters,rvol 1.57 < 1.8
MRTN,filters,avg_vol_20d 615597 < 1000000
MRVI,filters,avg_vol_20d 434961 < 1000000
MRX,filters,avg_vol_20d 434961 < 1000000
MSBI,filters,avg_vol_20d 434961 < 1000000
MSEX,filters,avg_vol_20d 434961 < 1000000
MSGE,filters,avg_vol_20d 434961 < 1000000
MSTR,filters,price 3.43 < 8.0
MTH,filters,avg_vol_20d 129086 < 1000000
MTRN,filters,price 3.01 < 8.0
MTRX,filters,price 3.01 < 8.0
MTUS,filters,price 2.92 < 8.0
MTW,filters,price 2.79 < 8.0
MTX,filters,price 2.79 < 8.0
MUR,filters,avg_vol_20d 14457 < 1000000
MVBF,filters,rvol 0.55 < 1.8
MVIS,filters,avg_vol_20d 475216 < 1000000
MVST,filters,avg_vol_20d 475216 < 1000000
MWA,filters,rvol 0.92 < 1.8
MXCT,filters,adv20 29808996 < 75000000
MXL,filters,adv20 29808996 < 75000000
MYE,filters,adv20 29808996 < 75000000
MYFW,filters,adv20 29808996 < 75000000
MYGN,filters,rvol 1.05 < 1.8
MYO,filters,rvol 1.05 < 1.8
MYPS,filters,rvol 1.05 < 1.8
MYRG,filters,rvol 1.05 < 1.8
MZTI,filters,rvol 1.05 < 1.8
NABL,filters,rvol 1.05 < 1.8
NAGE,filters,rvol 1.05 < 1.8
NAK,filters,rvol 1.05 < 1.8
NAT,filters,rvol 1.42 < 1.8
NATH,filters,rvol 1.42 < 1.8
NATL,filters,rvol 1.23 < 1.8
NATR,filters,rvol 1.23 < 1.8
NAVI,filters,rvol 1.23 < 1.8
NAVN,filters,adv20 31074953 < 75000000
NB,filters,adv20 14974592 < 75000000
NBBK,filters,adv20 14974592 < 75000000
NBHC,filters,avg_vol_20d 230846 < 1000000
NBIS,filters,avg_vol_20d 230846 < 1000000
NBN,filters,avg_vol_20d 230846 < 1000000
NBR,filters,avg_vol_20d 230846 < 1000000
NBTB,filters,avg_vol_20d 230846 < 1000000
NC,filters,avg_vol_20d 230846 < 1000000
NCMI,filters,avg_vol_20d 230846 < 1000000
NE,filters,rvol 0.66 < 1.8
NECB,filters,rvol 0.66 < 1.8
NEO,filters,rvol 0.66 < 1.8
NEOG,filters,avg_vol_20d 930103 < 1000000
NEON,filters,avg_vol_20d 930103 < 1000000
NESR,filters,avg_vol_20d 930103 < 1000000
NEWT,filters,avg_vol_20d 930103 < 1000000
NEXN,filters,avg_vol_20d 930103 < 1000000
NEXT,filters,avg_vol_20d 930103 < 1000000
NFBK,filters,avg_vol_20d 930103 < 1000000
NFE,filters,avg_vol_20d 930103 < 1000000
NG,filters,avg_vol_20d 69177 < 1000000
NGNE,filters,avg_vol_20d 69177 < 1000000
NGS,filters,avg_vol_20d 69177 < 1000000
NGVC,filters,avg_vol_20d 69177 < 1000000
NGVT,filters,avg_vol_20d 79220 < 1000000
NHC,filters,avg_vol_20d 6715 < 1000000
NHI,filters,avg_vol_20d 6715 < 1000000
NIC,filters,avg_vol_20d 6715 < 1000000
NJR,filters,avg_vol_20d 6715 < 1000000
NKSH,filters,avg_vol_20d 273385 < 1000000
NKTX,filters,avg_vol_20d 273385 < 1000000
NL,filters,avg_vol_20d 273385 < 1000000
NLOP,filters,avg_vol_20d 273385 < 1000000
NMAX,filters,avg_vol_20d 273385 < 1000000
NMIH,filters,avg_vol_20d 273385 < 1000000
NMRK,filters,avg_vol_20d 273385 < 1000000
NN,filters,avg_vol_20d 273385 < 1000000
NNE,filters,rvol 0.81 < 1.8
NNI,filters,rvol 0.81 < 1.8
NNOX,filters,rvol 0.81 < 1.8
NODK,filters,avg_vol_20d 729243 < 1000000
NOG,filters,avg_vol_20d 729243 < 1000000
NOVT,filters,avg_vol_20d 729243 < 1000000
NPB,filters,avg_vol_20d 179105 < 1000000
NPCE,filters,avg_vol_20d 179105 < 1000000
NPK,filters,avg_vol_20d 395878 < 1000000
NPKI,filters,avg_vol_20d 395878 < 1000000
NPO,filters,avg_vol_20d 101450 < 1000000
NPWR,filters,price 0.61 < 8.0
NRC,filters,price 0.61 < 8.0
NRDS,filters,price 0.61 < 8.0
NRDY,filters,price 3.76 < 8.0
NREF,filters,adv20 34504420 < 75000000
NRIM,filters,adv20 34504420 < 75000000
NRIX,filters,adv20 34504420 < 75000000
NSIT,filters,adv20 34504420 < 75000000
NSP,filters,adv20 34504420 < 75000000
NSSC,filters,adv20 34504420 < 75000000
NTB,filters,avg_vol_20d 580404 < 1000000
NTCT,filters,avg_vol_20d 580404 < 1000000
NTGR,filters,avg_vol_20d 98864 < 1000000
NTLA,filters,adv20 27440663 < 75000000
NTST,filters,price 6.00 < 8.0
NU,filters,price 6.00 < 8.0
NUAI,filters,price 6.00 < 8.0
NUS,filters,rvol 0.76 < 1.8
NUTX,filters,rvol 0.76 < 1.8
NUVB,filters,rvol 0.76 < 1.8
NUVL,filters,rvol 0.76 < 1.8
NVAX,filters,rvol 0.76 < 1.8
NVCR,filters,rvol 0.69 < 1.8
NVCT,filters,rvol 0.69 < 1.8
NVDA,filters,avg_vol_20d 26450 < 1000000
NVEC,filters,avg_vol_20d 26450 < 1000000
NVGS,filters,avg_vol_20d 26450 < 1000000
NVRI,filters,avg_vol_20d 26450 < 1000000
NVTS,filters,avg_vol_20d 26450 < 1000000
NWBI,filters,avg_vol_20d 26450 < 1000000
NWE,filters,adv20 44344976 < 75000000
NWFL,filters,adv20 44344976 < 75000000
NWN,filters,avg_vol_20d 186668 < 1000000
NWPX,filters,avg_vol_20d 186668 < 1000000
NX,filters,avg_vol_20d 186668 < 1000000
NXDR,filters,avg_vol_20d 186668 < 1000000
NXDT,filters,avg_vol_20d 186668 < 1000000
NXRT,filters,adv20 71466467 < 75000000
NXT,filters,avg_vol_20d 194426 < 1000000
NXXT,filters,avg_vol_20d 300488 < 1000000
OABI,filters,avg_vol_20d 300488 < 1000000
OBK,filters,price 1.70 < 8.0
OBT,filters,price 1.70 < 8.0
OCFC,filters,price 1.70 < 8.0
OCUL,filters,avg_vol_20d 43776 < 1000000
ODC,filters,avg_vol_20d 43776 < 1000000
OEC,filters,avg_vol_20d 43776 < 1000000
OFG,filters,avg_vol_20d 380167 < 1000000
OFIX,filters,avg_vol_20d 380167 < 1000000
OFLX,filters,avg_vol_20d 380167 < 1000000
OGS,filters,avg_vol_20d 380167 < 1000000
OI,filters,avg_vol_20d 380167 < 1000000
OII,filters,avg_vol_20d 380167 < 1000000
OIS,filters,avg_vol_20d 380167 < 1000000
OKLO,filters,avg_vol_20d 468652 < 1000000
OLMA,filters,adv20 15614308 < 75000000
OLP,filters,adv20 15614308 < 75000000
OLPX,filters,adv20 15614308 < 75000000
OM,filters,price 3.59 < 8.0
OMCL,filters,avg_vol_20d 118350 < 1000000
OMDA,filters,avg_vol_20d 75586 < 1000000
OMER,filters,avg_vol_20d 75586 < 1000000
OMI,filters,avg_vol_20d 75586 < 1000000
ONB,filters,avg_vol_20d 75586 < 1000000
ONDS,filters,avg_vol_20d 18534 < 1000000
ONEW,filters,rvol 0.97 < 1.8
ONIT,filters,rvol 0.76 < 1.8
ONTF,filters,rvol 0.76 < 1.8
OOMA,filters,rvol 0.76 < 1.8
OPAL,filters,avg_vol_20d 788086 < 1000000
OPBK,filters,avg_vol_20d 788086 < 1000000
OPCH,filters,price 5.61 < 8.0
OPFI,filters,avg_vol_20d 546093 < 1000000
OPK,filters,avg_vol_20d 546093 < 1000000
OPRT,filters,avg_vol_20d 546093 < 1000000
OPRX,filters,avg_vol_20d 563531 < 1000000
OPTU,filters,avg_vol_20d 563531 < 1000000
ORA,filters,avg_vol_20d 21160 < 1000000
ORC,filters,avg_vol_20d 70320 < 1000000
ORGO,filters,avg_vol_20d 54770 < 1000000
ORIC,filters,avg_vol_20d 54770 < 1000000
ORKA,filters,avg_vol_20d 54770 < 1000000
ORN,filters,avg_vol_20d 54770 < 1000000
ORRF,filters,avg_vol_20d 109066 < 1000000
OSBC,filters,avg_vol_20d 10188 < 1000000
OSCR,filters,avg_vol_20d 10188 < 1000000
OSG,filters,avg_vol_20d 907322 < 1000000
OSIS,filters,avg_vol_20d 10188 < 1000000
OSPN,filters,avg_vol_20d 10188 < 1000000
OSUR,filters,avg_vol_20d 10188 < 1000000
OSW,filters,avg_vol_20d 14910 < 1000000
OVLY,filters,price 0.78 < 8.0
OXM,filters,avg_vol_20d 423277 < 1000000
PACB,filters,avg_vol_20d 423277 < 1000000
PACK,filters,avg_vol_20d 386538 < 1000000
PACS,filters,avg_vol_20d 19838 < 1000000
PAGS,filters,avg_vol_20d 19838 < 1000000
PAHC,filters,avg_vol_20d 486889 < 1000000
PAL,filters,avg_vol_20d 486889 < 1000000
PAMT,filters,rvol 1.12 < 1.8
PANL,filters,rvol 1.12 < 1.8
PAR,filters,rvol 1.12 < 1.8
PARR,filters,rvol 1.12 < 1.8
PATH,filters,rvol 1.12 < 1.8
PATK,filters,rvol 1.12 < 1.8
PAX,filters,rvol 1.12 < 1.8
PAYO,filters,avg_vol_20d 289683 < 1000000
PAYS,filters,avg_vol_20d 289683 < 1000000
PBF,filters,avg_vol_20d 289683 < 1000000
PBFS,filters,avg_vol_20d 289683 < 1000000
PBH,filters,avg_vol_20d 289683 < 1000000
PBI,filters,rvol 0.97 < 1.8
PBYI,filters,adv20 45620485 < 75000000
PCB,filters,adv20 45620485 < 75000000
PCH,filters,adv20 45020473 < 75000000
PCRX,filters,adv20 45020473 < 75000000
PCT,filters,adv20 45020473 < 75000000
PCVX,filters,adv20 45020473 < 75000000
PCYO,filters,avg_vol_20d 47484 < 1000000
PD,filters,avg_vol_20d 47484 < 1000000
PDEX,filters,avg_vol_20d 47484 < 1000000
PDFS,filters,adv20 22003155 < 75000000
PDLB,filters,adv20 22003155 < 75000000
PDM,filters,adv20 22003155 < 75000000
PDYN,filters,adv20 22003155 < 75000000
PEB,filters,avg_vol_20d 59124 < 1000000
PEBK,filters,avg_vol_20d 59124 < 1000000
PEBO,filters,avg_vol_20d 59124 < 1000000
PECO,filters,price 6.94 < 8.0
PENG,filters,price 6.94 < 8.0
PESI,filters,price 6.94 < 8.0
PFBC,filters,price 6.94 < 8.0
PFIS,filters,avg_vol_20d 145408 < 1000000
PFS,filters,avg_vol_20d 145408 < 1000000
PFSI,filters,avg_vol_20d 145408 < 1000000
PGC,filters,avg_vol_20d 145408 < 1000000
PGEN,filters,price 4.24 < 8.0
PGNY,filters,avg_vol_20d 58736 < 1000000
PGY,filters,adv20 61631106 < 75000000
PHAT,filters,price 3.27 < 8.0
PHIN,filters,price 3.27 < 8.0
PHR,filters,price 3.27 < 8.0
PI,filters,price 3.27 < 8.0
PII,filters,price 3.27 < 8.0
PINE,filters,price 3.27 < 8.0
PIPR,filters,avg_vol_20d 11654 < 1000000
PJT,filters,avg_vol_20d 11654 < 1000000
PKBK,filters,avg_vol_20d 11654 < 1000000
PKE,filters,avg_vol_20d 427566 < 1000000
PKOH,filters,avg_vol_20d 213707 < 1000000
PKST,filters,avg_vol_20d 534604 < 1000000
PL,filters,avg_vol_20d 534604 < 1000000
PLAB,filters,avg_vol_20d 534604 < 1000000
PLAY,filters,rvol 0.66 < 1.8
PLBC,filters,rvol 0.66 < 1.8
PLMR,filters,adv20 20593236 < 75000000
PLOW,filters,adv20 20593236 < 75000000
PLPC,filters,adv20 20593236 < 75000000
PLSE,filters,adv20 20593236 < 75000000
PLTK,filters,adv20 20593236 < 75000000
PLTR,filters,adv20 20593236 < 75000000
PLUG,filters,adv20 20593236 < 75000000
PLUS,filters,price 2.29 < 8.0
PLX,filters,price 2.29 < 8.0
PLXS,filters,price 2.29 < 8.0
PLYM,filters,price 2.29 < 8.0
PMT,filters,avg_vol_20d 473370 < 1000000
PMTS,filters,avg_vol_20d 473370 < 1000000
PNBK,filters,rvol 1.04 < 1.8
PNRG,filters,avg_vol_20d 473370 < 1000000
PNTG,filters,avg_vol_20d 473370 < 1000000
POET,filters,adv20 23738873 < 75000000
PONY,filters,avg_vol_20d 208091 < 1000000
POR,filters,avg_vol_20d 208091 < 1000000
POWI,filters,avg_vol_20d 233094 < 1000000
POWL,filters,avg_vol_20d 233094 < 1000000
POWW,filters,rvol 0.86 < 1.8
PPIH,filters,rvol 0.86 < 1.8
PPTA,filters,rvol 0.86 < 1.8
PRA,filters,rvol 0.86 < 1.8
PRAA,filters,rvol 0.86 < 1.8
PRAX,filters,rvol 0.86 < 1.8
PRCH,filters,avg_vol_20d 139128 < 1000000
PRCT,filters,avg_vol_20d 139128 < 1000000
PRDO,filters,avg_vol_20d 139128 < 1000000
PRG,filters,avg_vol_20d 139128 < 1000000
PRGS,filters,avg_vol_20d 972608 < 1000000
PRIM,filters,adv20 18760418 < 75000000
PRK,filters,avg_vol_20d 633757 < 1000000
PRKS,filters,rvol 0.86 < 1.8
PRLB,filters,avg_vol_20d 69975 < 1000000
PRM,filters,avg_vol_20d 69975 < 1000000
PRME,filters,avg_vol_20d 69975 < 1000000
PROP,filters,price 5.28 < 8.0
PRSU,filters,price 1.60 < 8.0
PRTA,filters,adv20 71950266 < 75000000
PRTH,filters,adv20 44380578 < 75000000
PRVA,filters,avg_vol_20d 620140 < 1000000
PSFE,filters,avg_vol_20d 620140 < 1000000
PSIX,filters,price 4.69 < 8.0
PSMT,filters,price 4.69 < 8.0
PSNL,filters,price 4.69 < 8.0
PSTL,filters,price 4.69 < 8.0
PTCT,filters,price 4.69 < 8.0
PTEN,filters,price 0.96 < 8.0
PTGX,filters,price 0.96 < 8.0
PTLO,filters,price 0.96 < 8.0
PTON,filters,avg_vol_20d 65592 < 1000000
PUBM,filters,avg_vol_20d 65592 < 1000000
PUMP,filters,rvol 0.67 < 1.8
PVLA,filters,rvol 0.67 < 1.8
PWP,filters,rvol 0.67 < 1.8
PX,filters,avg_vol_20d 20308 < 1000000
PXED,filters,avg_vol_20d 20308 < 1000000
PYPL,filters,avg_vol_20d 20308 < 1000000
PZZA,filters,rvol 0.43 < 1.8
QBTS,filters,rvol 0.43 < 1.8
QCRH,filters,rvol 0.43 < 1.8
QDEL,filters,rvol 0.43 < 1.8
QLYS,filters,rvol 0.43 < 1.8
QNST,filters,rvol 0.43 < 1.8
QS,filters,price 1.84 < 8.0
QSI,filters,price 1.84 < 8.0
QTRX,filters,avg_vol_20d 32519 < 1000000
QTWO,filters,avg_vol_20d 155497 < 1000000
QUAD,filters,avg_vol_20d 155497 < 1000000
QUBT,filters,rvol 1.15 < 1.8
RAMP,filters,rvol 1.15 < 1.8
RAPP,filters,rvol 1.15 < 1.8
RBB,filters,rvol 1.15 < 1.8
RBBN,filters,rvol 1.15 < 1.8
RBCAA,filters,rvol 1.15 < 1.8
RBKB,filters,rvol 1.15 < 1.8
RC,filters,rvol 1.15 < 1.8
RCAT,filters,avg_vol_20d 756747 < 1000000
RCEL,filters,avg_vol_20d 780557 < 1000000
RCKT,filters,avg_vol_20d 780557 < 1000000
RCKY,filters,price 1.48 < 8.0
RCMT,filters,avg_vol_20d 299642 < 1000000
RCUS,filters,avg_vol_20d 32578 < 1000000
RDN,filters,avg_vol_20d 32578 < 1000000
RDNT,filters,avg_vol_20d 588534 < 1000000
RDVT,filters,avg_vol_20d 588534 < 1000000
RDW,filters,avg_vol_20d 588534 < 1000000
REAL,filters,avg_vol_20d 588534 < 1000000
REAX,filters,avg_vol_20d 588534 < 1000000
REFI,filters,avg_vol_20d 588534 < 1000000
RELL,filters,adv20 32555597 < 75000000
RELY,filters,avg_vol_20d 57276 < 1000000
REPL,filters,avg_vol_20d 57276 < 1000000
REPX,filters,avg_vol_20d 57276 < 1000000
RES,filters,avg_vol_20d 623997 < 1000000
REVG,filters,adv20 22640695 < 75000000
REX,filters,rvol 0.55 < 1.8
REZI,filters,rvol 0.55 < 1.8
RGCO,filters,adv20 13800252 < 75000000
RGNX,filters,adv20 13800252 < 75000000
RGP,filters,adv20 13800252 < 75000000
RGR,filters,adv20 13800252 < 75000000
RGTI,filters,adv20 13800252 < 75000000
RHLD,filters,avg_vol_20d 887900 < 1000000
RHP,filters,avg_vol_20d 887900 < 1000000
RICK,filters,avg_vol_20d 887900 < 1000000
RIG,filters,avg_vol_20d 887900 < 1000000
RIGL,filters,avg_vol_20d 887900 < 1000000
RIOT,filters,avg_vol_20d 887900 < 1000000
RKLB,filters,avg_vol_20d 887900 < 1000000
RLAY,filters,adv20 17706365 < 75000000
RLGT,filters,avg_vol_20d 569090 < 1000000
RLJ,filters,avg_vol_20d 569090 < 1000000
RM,filters,avg_vol_20d 267525 < 1000000
RMAX,filters,avg_vol_20d 17624 < 1000000
RMBI,filters,rvol 1.16 < 1.8
RMBS,filters,rvol 1.16 < 1.8
RMNI,filters,avg_vol_20d 997572 < 1000000
RMR,filters,avg_vol_20d 997572 < 1000000
RNA,filters,rvol 0.79 < 1.8
RNAC,filters,rvol 0.79 < 1.8
RNGR,filters,rvol 0.79 < 1.8
RNST,filters,avg_vol_20d 104678 < 1000000
ROAD,filters,rvol 0.79 < 1.8
ROCK,filters,rvol 0.79 < 1.8
ROG,filters,price 6.58 < 8.0
ROOT,filters,adv20 39129708 < 75000000
RPAY,filters,adv20 39129708 < 75000000
RPD,filters,rvol 1.32 < 1.8
RPT,filters,rvol 1.32 < 1.8
RR,filters,avg_vol_20d 78813 < 1000000
RRBI,filters,avg_vol_20d 533954 < 1000000
RRR,filters,avg_vol_20d 246122 < 1000000
RSI,filters,avg_vol_20d 456367 < 1000000
RSVR,filters,avg_vol_20d 456367 < 1000000
RUM,filters,avg_vol_20d 456367 < 1000000
RUN,filters,rvol 0.64 < 1.8
RUSHA,filters,rvol 0.64 < 1.8
RUSHB,filters,rvol 0.64 < 1.8
RVLV,filters,rvol 0.64 < 1.8
RVSB,filters,rvol 0.64 < 1.8
RWT,filters,rvol 0.64 < 1.8
RXO,filters,rvol 0.64 < 1.8
RXRX,filters,avg_vol_20d 352758 < 1000000
RXST,filters,avg_vol_20d 352758 < 1000000
RXT,filters,avg_vol_20d 352758 < 1000000
RYAM,filters,avg_vol_20d 74154 < 1000000
RYI,filters,avg_vol_20d 74154 < 1000000
RYTM,filters,adv20 51743841 < 75000000
RZLT,filters,adv20 51743841 < 75000000
RZLV,filters,adv20 51743841 < 75000000
SABR,filters,rvol 1.17 < 1.8
SAFE,filters,rvol 1.17 < 1.8
SAFT,filters,rvol 1.17 < 1.8
SAFX,filters,rvol 1.17 < 1.8
SAH,filters,rvol 1.17 < 1.8
SAMG,filters,rvol 1.17 < 1.8
SANA,filters,rvol 1.17 < 1.8
SANM,filters,rvol 1.17 < 1.8
SATL,filters,adv20 53507944 < 75000000
SATS,filters,avg_vol_20d 608470 < 1000000
SB,filters,avg_vol_20d 276341 < 1000000
SBC,filters,rvol 0.70 < 1.8
SBCF,filters,rvol 0.70 < 1.8
SBFG,filters,avg_vol_20d 9704 < 1000000
SBGI,filters,avg_vol_20d 9704 < 1000000
SBH,filters,avg_vol_20d 9704 < 1000000
SBRA,filters,avg_vol_20d 9704 < 1000000
SBSI,filters,avg_vol_20d 9704 < 1000000
SCL,filters,avg_vol_20d 910128 < 1000000
SEAT,filters,rvol 1.01 < 1.8
SEG,filters,rvol 1.01 < 1.8
SEI,filters,price 2.04 < 8.0
SEM,filters,price 2.04 < 8.0
SEMR,filters,price 2.04 < 8.0
SENEA,filters,avg_vol_20d 500923 < 1000000
SEPN,filters,avg_vol_20d 500923 < 1000000
SERV,filters,avg_vol_20d 500923 < 1000000
SEVN,filters,avg_vol_20d 256454 < 1000000
SEZL,filters,avg_vol_20d 66640 < 1000000
SFBC,filters,avg_vol_20d 66640 < 1000000
SFBS,filters,avg_vol_20d 66640 < 1000000
SFIX,filters,avg_vol_20d 66640 < 1000000
SFL,filters,avg_vol_20d 66640 < 1000000
SFNC,filters,avg_vol_20d 66640 < 1000000
SFST,filters,avg_vol_20d 66640 < 1000000
SG,filters,avg_vol_20d 66640 < 1000000
SGC,filters,rvol 0.73 < 1.8
SGHC,filters,avg_vol_20d 712471 < 1000000
SGHT,filters,avg_vol_20d 712471 < 1000000
SGRY,filters,avg_vol_20d 712471 < 1000000
SHAK,filters,avg_vol_20d 712471 < 1000000
SHBI,filters,avg_vol_20d 712471 < 1000000
SHEN,filters,avg_vol_20d 775013 < 1000000
SHLS,filters,price 5.95 < 8.0
SHO,filters,adv20 47617811 < 75000000
SHOO,filters,adv20 47617811 < 75000000
SI,filters,avg_vol_20d 306427 < 1000000
SIBN,filters,avg_vol_20d 306427 < 1000000
SIEB,filters,avg_vol_20d 501899 < 1000000
SIG,filters,avg_vol_20d 140155 < 1000000
SIGA,filters,avg_vol_20d 501899 < 1000000
SIGI,filters,avg_vol_20d 501899 < 1000000
SILA,filters,avg_vol_20d 140155 < 1000000
SION,filters,avg_vol_20d 140155 < 1000000
SITC,filters,avg_vol_20d 501899 < 1000000
SITM,filters,avg_vol_20d 501899 < 1000000
SKIL,filters,adv20 38526775 < 75000000
SKIN,filters,adv20 38526775 < 75000000
SKT,filters,adv20 38526775 < 75000000
SKWD,filters,avg_vol_20d 216626 < 1000000
SKY,filters,avg_vol_20d 216626 < 1000000
SKYH,filters,avg_vol_20d 216626 < 1000000
SKYT,filters,avg_vol_20d 551739 < 1000000
SKYW,filters,rvol 0.86 < 1.8
SKYX,filters,price 3.49 < 8.0
SLAB,filters,price 3.49 < 8.0
SLDB,filters,price 4.74 < 8.0
SLDE,filters,avg_vol_20d 848700 < 1000000
SLDP,filters,avg_vol_20d 848700 < 1000000
SLG,filters,avg_vol_20d 848700 < 1000000
SLND,filters,avg_vol_20d 254350 < 1000000
SLNH,filters,avg_vol_20d 254350 < 1000000
SLNO,filters,avg_vol_20d 254350 < 1000000
SLP,filters,avg_vol_20d 254350 < 1000000
SLQT,filters,rvol 1.69 < 1.8
SLS,filters,rvol 1.69 < 1.8
SLSN,filters,rvol 1.69 < 1.8
SLVM,filters,rvol 1.69 < 1.8
SM,filters,rvol 1.69 < 1.8
SMA,filters,rvol 1.69 < 1.8
SMBC,filters,rvol 1.69 < 1.8
SMBK,filters,rvol 1.69 < 1.8
SMC,filters,price 5.46 < 8.0
SMHI,filters,price 1.67 < 8.0
SMID,filters,price 1.67 < 8.0
SMLR,filters,price 1.67 < 8.0
SMP,filters,price 1.67 < 8.0
SMPL,filters,adv20 38292377 < 75000000
SMR,filters,adv20 38292377 < 75000000
SMTC,filters,avg_vol_20d 162946 < 1000000
SMTI,filters,avg_vol_20d 162946 < 1000000
SNAP,filters,avg_vol_20d 201205 < 1000000
SNBR,filters,price 3.75 < 8.0
SNCR,filters,price 3.75 < 8.0
SNCY,filters,avg_vol_20d 201606 < 1000000
SNDA,filters,price 3.75 < 8.0
SNDX,filters,price 3.75 < 8.0
SNEX,filters,price 3.75 < 8.0
SNFCA,filters,price 3.75 < 8.0
SNOW,filters,adv20 52832200 < 75000000
SNWV,filters,adv20 38842390 < 75000000
SOC,filters,adv20 38842390 < 75000000
SOFI,filters,adv20 38842390 < 75000000
SONO,filters,adv20 38842390 < 75000000
SOUN,filters,adv20 38842390 < 75000000
SPB,filters,price 4.83 < 8.0
SPFI,filters,price 4.83 < 8.0
SPHR,filters,rvol 0.50 < 1.8
SPIR,filters,avg_vol_20d 179959 < 1000000
SPNT,filters,avg_vol_20d 68225 < 1000000
SPOK,filters,avg_vol_20d 68225 < 1000000
SPRY,filters,adv20 48404012 < 75000000
SPSC,filters,adv20 48404012 < 75000000
SPT,filters,adv20 48404012 < 75000000
SPWR,filters,rvol 1.15 < 1.8
SPXC,filters,avg_vol_20d 159540 < 1000000
SR,filters,avg_vol_20d 159540 < 1000000
SRBK,filters,rvol 1.15 < 1.8
SRCE,filters,avg_vol_20d 159540 < 1000000
SRRK,filters,avg_vol_20d 159540 < 1000000
SRTA,filters,avg_vol_20d 159540 < 1000000
SSP,filters,avg_vol_20d 159540 < 1000000
SSRM,filters,avg_vol_20d 159540 < 1000000
SSTI,filters,rvol 0.79 < 1.8
SSTK,filters,rvol 0.79 < 1.8
STAA,filters,rvol 0.79 < 1.8
STBA,filters,rvol 0.79 < 1.8
STC,filters,rvol 0.79 < 1.8
STEL,filters,price 3.02 < 8.0
STEP,filters,rvol 0.92 < 1.8
STGW,filters,price 2.57 < 8.0
STIM,filters,price 2.57 < 8.0
STKL,filters,rvol 0.33 < 1.8
STNE,filters,rvol 0.33 < 1.8
STNG,filters,rvol 0.33 < 1.8
STOK,filters,rvol 0.33 < 1.8
STRA,filters,rvol 0.33 < 1.8
STRL,filters,avg_vol_20d 216274 < 1000000
STRS,filters,rvol 0.51 < 1.8
STRT,filters,rvol 1.45 < 1.8
STRW,filters,rvol 1.45 < 1.8
STRZ,filters,rvol 1.45 < 1.8
STXS,filters,avg_vol_20d 683321 < 1000000
SUNS,filters,avg_vol_20d 644831 < 1000000
SUPN,filters,avg_vol_20d 644831 < 1000000
SVC,filters,avg_vol_20d 644831 < 1000000
SVCO,filters,avg_vol_20d 644831 < 1000000
SVRA,filters,rvol 1.78 < 1.8
SVV,filters,avg_vol_20d 644831 < 1000000
SWBI,filters,avg_vol_20d 644831 < 1000000
SWIM,filters,avg_vol_20d 644831 < 1000000
SWKH,filters,price 4.50 < 8.0
SWX,filters,avg_vol_20d 105112 < 1000000
SXC,filters,avg_vol_20d 105112 < 1000000
SXI,filters,avg_vol_20d 105112 < 1000000
SXT,filters,rvol 0.57 < 1.8
SYBT,filters,avg_vol_20d 641666 < 1000000
SYNA,filters,rvol 0.66 < 1.8
SYRE,filters,avg_vol_20d 468031 < 1000000
TALK,filters,rvol 1.55 < 1.8
TALO,filters,rvol 1.55 < 1.8
TARA,filters,adv20 22966515 < 75000000
TARS,filters,adv20 22966515 < 75000000
TBBK,filters,adv20 22966515 < 75000000
TBCH,filters,adv20 22966515 < 75000000
TBI,filters,adv20 22966515 < 75000000
TBPH,filters,adv20 22966515 < 75000000
TBRG,filters,adv20 22966515 < 75000000
TCBI,filters,avg_vol_20d 244258 < 1000000
TCBK,filters,rvol 0.63 < 1.8
TCBX,filters,rvol 0.63 < 1.8
TCI,filters,rvol 0.95 < 1.8
TCMD,filters,rvol 0.95 < 1.8
TCX,filters,avg_vol_20d 63321 < 1000000
TDAY,filters,avg_vol_20d 63321 < 1000000
TDOC,filters,avg_vol_20d 63321 < 1000000
TDS,filters,avg_vol_20d 234851 < 1000000
TDUP,filters,avg_vol_20d 507254 < 1000000
TDW,filters,avg_vol_20d 507254 < 1000000
TE,filters,avg_vol_20d 507254 < 1000000
TEAD,filters,rvol 0.48 < 1.8
TECX,filters,rvol 0.48 < 1.8
TENB,filters,rvol 0.48 < 1.8
TERN,filters,rvol 0.48 < 1.8
TEX,filters,rvol 0.48 < 1.8
TFIN,filters,avg_vol_20d 316552 < 1000000
TG,filters,avg_vol_20d 316552 < 1000000
TGLS,filters,rvol 1.29 < 1.8
TGNA,filters,rvol 1.29 < 1.8
TGTX,filters,price 6.87 < 8.0
TH,filters,price 6.87 < 8.0
THFF,filters,price 6.87 < 8.0
THR,filters,price 6.87 < 8.0
THRM,filters,rvol 0.60 < 1.8
THRY,filters,rvol 0.60 < 1.8
THS,filters,avg_vol_20d 758768 < 1000000
TIC,filters,avg_vol_20d 758768 < 1000000
TILE,filters,avg_vol_20d 758768 < 1000000
TIPT,filters,avg_vol_20d 758768 < 1000000
TITN,filters,avg_vol_20d 758768 < 1000000
TK,filters,avg_vol_20d 782886 < 1000000
TKNO,filters,avg_vol_20d 782886 < 1000000
TLS,filters,avg_vol_20d 782886 < 1000000
TLSI,filters,avg_vol_20d 116515 < 1000000
TMCI,filters,avg_vol_20d 116515 < 1000000
TMDX,filters,avg_vol_20d 116515 < 1000000
TMHC,filters,avg_vol_20d 116515 < 1000000
TMP,filters,avg_vol_20d 116515 < 1000000
TNC,filters,avg_vol_20d 116515 < 1000000
TNDM,filters,rvol 0.83 < 1.8
TNET,filters,rvol 0.83 < 1.8
TNGX,filters,avg_vol_20d 260413 < 1000000
TNK,filters,rvol 0.83 < 1.8
TNXP,filters,rvol 0.83 < 1.8
TOI,filters,rvol 0.83 < 1.8
TOWN,filters,avg_vol_20d 373612 < 1000000
TPB,filters,avg_vol_20d 373612 < 1000000
TPC,filters,avg_vol_20d 218275 < 1000000
TPH,filters,avg_vol_20d 74091 < 1000000
TR,filters,avg_vol_20d 494585 < 1000000
TRAK,filters,avg_vol_20d 494585 < 1000000
TRC,filters,avg_vol_20d 192548 < 1000000
TRDA,filters,avg_vol_20d 9511 < 1000000
TREE,filters,avg_vol_20d 9511 < 1000000
TRIP,filters,avg_vol_20d 605827 < 1000000
TRMK,filters,avg_vol_20d 605827 < 1000000
TRN,filters,rvol 0.72 < 1.8
TRNO,filters,rvol 0.92 < 1.8
TRNS,filters,rvol 0.92 < 1.8
TROX,filters,price 4.33 < 8.0
TRS,filters,price 4.33 < 8.0
TRST,filters,rvol 0.40 < 1.8
TRTX,filters,rvol 0.40 < 1.8
TRUE,filters,rvol 0.40 < 1.8
TRUP,filters,rvol 0.40 < 1.8
TRVI,filters,rvol 0.40 < 1.8
TSBK,filters,rvol 0.40 < 1.8
TSE,filters,price 1.46 < 8.0
TSHA,filters,price 1.46 < 8.0
TSLA,filters,price 1.46 < 8.0
TSSI,filters,rvol 0.87 < 1.8
TTAM,filters,adv20 62583920 < 75000000
TTEC,filters,avg_vol_20d 753735 < 1000000
TTGT,filters,avg_vol_20d 159031 < 1000000
TTI,filters,avg_vol_20d 651362 < 1000000
TTMI,filters,avg_vol_20d 651362 < 1000000
TTSH,filters,avg_vol_20d 651362 < 1000000
TUSK,filters,avg_vol_20d 651362 < 1000000
TVGN,filters,avg_vol_20d 651362 < 1000000
TVRD,filters,avg_vol_20d 651362 < 1000000
TVTX,filters,avg_vol_20d 651362 < 1000000
TWI,filters,avg_vol_20d 650100 < 1000000
TWO,filters,rvol 0.80 < 1.8
TWST,filters,rvol 0.80 < 1.8
TXG,filters,rvol 0.80 < 1.8
TXNM,filters,price 1.68 < 8.0
TYRA,filters,adv20 40289493 < 75000000
TZOO,filters,price 4.67 < 8.0
UAMY,filters,price 4.67 < 8.0
UBFO,filters,price 7.01 < 8.0
UBSI,filters,price 7.01 < 8.0
UCB,filters,price 7.01 < 8.0
UCTT,filters,price 7.01 < 8.0
UDMY,filters,price 7.01 < 8.0
UE,filters,price 7.01 < 8.0
UEC,filters,avg_vol_20d 445542 < 1000000
UFCS,filters,avg_vol_20d 445542 < 1000000
UFPI,filters,avg_vol_20d 445542 < 1000000
UFPT,filters,avg_vol_20d 445542 < 1000000
UHT,filters,avg_vol_20d 445542 < 1000000
UIS,filters,avg_vol_20d 293482 < 1000000
ULCC,filters,avg_vol_20d 265880 < 1000000
ULH,filters,avg_vol_20d 293482 < 1000000
UMBF,filters,avg_vol_20d 293482 < 1000000
UMH,filters,avg_vol_20d 293482 < 1000000
UNB,filters,avg_vol_20d 293482 < 1000000
UNF,filters,price 6.33 < 8.0
UNFI,filters,price 6.33 < 8.0
UNIT,filters,avg_vol_20d 260388 < 1000000
UNTY,filters,avg_vol_20d 260388 < 1000000
UPB,filters,avg_vol_20d 713501 < 1000000
UPBD,filters,avg_vol_20d 713501 < 1000000
UPST,filters,avg_vol_20d 713501 < 1000000
UPWK,filters,avg_vol_20d 713501 < 1000000
URBN,filters,avg_vol_20d 611138 < 1000000
URGN,filters,price 2.81 < 8.0
USAR,filters,adv20 11400499 < 75000000
USAU,filters,avg_vol_20d 289350 < 1000000
USCB,filters,avg_vol_20d 289350 < 1000000
USD,filters,price 5.40 < 8.0
USLM,filters,rvol 0.70 < 1.8
USNA,filters,price 5.40 < 8.0
USPH,filters,price 5.40 < 8.0
UTI,filters,price 5.40 < 8.0
UTL,filters,price 5.40 < 8.0
UTMD,filters,rvol 0.70 < 1.8
UTZ,filters,rvol 0.70 < 1.8
UUUU,filters,rvol 0.70 < 1.8
UVE,filters,rvol 0.70 < 1.8
UVSP,filters,rvol 0.70 < 1.8
UVV,filters,rvol 0.70 < 1.8
VABK,filters,adv20 35635451 < 75000000
VAC,filters,adv20 35635451 < 75000000
VAL,filters,adv20 35635451 < 75000000
VALU,filters,adv20 35635451 < 75000000
VC,filters,adv20 35635451 < 75000000
VCEL,filters,adv20 35635451 < 75000000
VCTR,filters,avg_vol_20d 5784 < 1000000
VCYT,filters,avg_vol_20d 5784 < 1000000
VECO,filters,rvol 1.38 < 1.8
VEL,filters,rvol 1.38 < 1.8
VERA,filters,rvol 1.38 < 1.8
VERX,filters,rvol 1.38 < 1.8
VGAS,filters,rvol 1.38 < 1.8
VHI,filters,adv20 49796200 < 75000000
VIA,filters,adv20 49796200 < 75000000
VIAV,filters,adv20 49796200 < 75000000
VICR,filters,adv20 65913570 < 75000000
VIR,filters,adv20 65913570 < 75000000
VIRC,filters,adv20 65913570 < 75000000
VITL,filters,adv20 65913570 < 75000000
VLGEA,filters,adv20 65913570 < 75000000
VLY,filters,avg_vol_20d 345984 < 1000000
VMD,filters,avg_vol_20d 345984 < 1000000
VNDA,filters,avg_vol_20d 345984 < 1000000
VOXR,filters,adv20 21211664 < 75000000
VOYG,filters,rvol 0.91 < 1.8
VPG,filters,rvol 1.00 < 1.8
VRDN,filters,rvol 0.57 < 1.8
VRE,filters,rvol 0.57 < 1.8
VREX,filters,rvol 0.57 < 1.8
VRM,filters,rvol 0.57 < 1.8
VRNS,data,empty_or_short_history
VRRM,data,empty_or_short_history
VRT,filters,avg_vol_20d 748443 < 1000000
VRTS,filters,avg_vol_20d 748443 < 1000000
VSAT,filters,adv20 72379667 < 75000000
VSCO,filters,price 7.72 < 8.0
VSEC,filters,price 7.72 < 8.0
VSH,filters,price 7.72 < 8.0
VSTM,filters,avg_vol_20d 835906 < 1000000
VSTS,filters,avg_vol_20d 835906 < 1000000
VTEX,filters,avg_vol_20d 835906 < 1000000
VTOL,filters,avg_vol_20d 835906 < 1000000
VTS,filters,avg_vol_20d 647287 < 1000000
VUZI,filters,avg_vol_20d 173014 < 1000000
VVX,filters,avg_vol_20d 173014 < 1000000
VYGR,filters,avg_vol_20d 173014 < 1000000
VYX,filters,avg_vol_20d 173014 < 1000000
WABC,filters,avg_vol_20d 334087 < 1000000
WAFD,filters,avg_vol_20d 334087 < 1000000
WALD,filters,avg_vol_20d 334087 < 1000000
WASH,filters,adv20 23218547 < 75000000
WAY,filters,avg_vol_20d 334087 < 1000000
WBTN,filters,rvol 0.85 < 1.8
WD,filters,avg_vol_20d 61243 < 1000000
WDFC,filters,rvol 0.72 < 1.8
WEAV,filters,rvol 0.72 < 1.8
WERN,filters,rvol 0.58 < 1.8
WEST,filters,rvol 0.58 < 1.8
WEYS,filters,rvol 0.58 < 1.8
WGO,filters,avg_vol_20d 37872 < 1000000
WGS,filters,avg_vol_20d 74958 < 1000000
WHD,filters,avg_vol_20d 750587 < 1000000
WHG,filters,avg_vol_20d 750587 < 1000000
WINA,filters,avg_vol_20d 413552 < 1000000
WK,filters,avg_vol_20d 413552 < 1000000
WKC,filters,avg_vol_20d 413552 < 1000000
WLDN,filters,avg_vol_20d 413552 < 1000000
WLFC,filters,avg_vol_20d 413552 < 1000000
WLY,filters,avg_vol_20d 413552 < 1000000
WMK,filters,rvol 0.52 < 1.8
WNC,filters,price 1.36 < 8.0
WNEB,filters,adv20 71384612 < 75000000
WOOF,filters,adv20 71384612 < 75000000
WOR,filters,adv20 71384612 < 75000000
WRBY,filters,adv20 71384612 < 75000000
WRLD,filters,adv20 71384612 < 75000000
WS,filters,adv20 71384612 < 75000000
WSBC,filters,adv20 71384612 < 75000000
WSBF,filters,rvol 0.31 < 1.8
WSFS,filters,rvol 0.31 < 1.8
WSR,filters,adv20 67594567 < 75000000
WT,filters,avg_vol_20d 164276 < 1000000
WTBA,filters,avg_vol_20d 164276 < 1000000
WTI,filters,rvol 0.56 < 1.8
WTS,filters,rvol 0.28 < 1.8
WTTR,filters,rvol 0.56 < 1.8
WULF,filters,rvol 0.56 < 1.8
WVE,filters,rvol 0.56 < 1.8
WWW,filters,rvol 0.78 < 1.8
WYFI,filters,rvol 0.78 < 1.8
XENE,filters,price 2.68 < 8.0
XERS,filters,avg_vol_20d 48085 < 1000000
XHR,filters,avg_vol_20d 48085 < 1000000
XMTR,filters,avg_vol_20d 48085 < 1000000
XNCR,filters,avg_vol_20d 48085 < 1000000
XOMA,filters,price 6.31 < 8.0
XPEL,filters,price 6.31 < 8.0
XPER,filters,price 6.31 < 8.0
XPOF,filters,avg_vol_20d 138670 < 1000000
XPRO,filters,price 1.47 < 8.0
XRX,filters,avg_vol_20d 551228 < 1000000
XYZ,filters,avg_vol_20d 551228 < 1000000
YELP,filters,avg_vol_20d 551228 < 1000000
YEXT,filters,avg_vol_20d 551228 < 1000000
YORW,filters,avg_vol_20d 551228 < 1000000
YOU,filters,avg_vol_20d 551228 < 1000000
ZBIO,filters,price 6.87 < 8.0
ZD,filters,avg_vol_20d 360738 < 1000000
ZETA,filters,price 4.39 < 8.0
ZEUS,filters,rvol 0.92 < 1.8
ZGN,filters,adv20 39209071 < 75000000
ZIP,filters,adv20 39209071 < 75000000
ZSPC,filters,adv20 39209071 < 75000000
ZUMZ,filters,avg_vol_20d 500685 < 1000000
ZVIA,filters,avg_vol_20d 500685 < 1000000
ZVRA,filters,price 0.72 < 8.0
ZWS,filters,price 0.72 < 8.0
ZYME,filters,rvol 0.92 < 1.8
